YEAR,1,2,3,4,5,6,7,8,9,10,11,12,13,14,15,16,17,18,19,20,21,22,23,24,25,26,27,28,29,30,31,32,33,34,35,36,37,38,39,40,41,42,43,44,45,46,47,48,49,50,51,52,53,54,55,56,57,58,59,60,61,62,63,64,65,66,67,68,69,70,71,72,73,74,75,76,77,78,79,80,81,82,83,84,85,86,87,88,89,90,91,92,93,94,95,96,97,98,99,100,101,102,103,104,105,106,107,108,109,110,111,112,113,114,115,116,117,118,119,120,121,122,123,124,125,126,127,128,129,130,131,132,133,134,135,136,137,138,139,140,141,142,143,144,145,146,147,148,149,150,151,152,153,154,155,156,157,158,159,160,161,162,163,164,165,166,167,168,169,170,171,172,173,174,175,176,177,178,179,180,181,182,183,184,185,186,187,188,189,190,191,192,193,194,195,196,197,198,199,200,201,202,203,204,205,206,207,208,209,210,211,212,213,214,215,216,217,218,219,220,221,222,223,224,225,226,227,228,229,230,231,232,233,234,235,236,237,238,239,240,241,242,243,244,245,246,247,248,249,250,251,252,253,254,255,256,257,258,259,260,261,262,263,264,265,266,267,268,269,270,271,272,273,274,275,276,277,278,279,280,281,282,283,284,285,286,287,288,289,290,291,292,293,294,295,296,297,298,299,300,301,302,303,304,305,306,307,308,309,310,311,312,313,314,315,316,317,318,319,320,321,322,323,324,325,326,327,328,329,330,331,332,333,334,335,336,337,338,339,340,341,342,343,344,345,346,347,348,349,350,351,352,353,354,355,356,357,358,359,360,361,362,363,364,365,366,
1984,1444.00,1694.00,1812.00,1950.00,1818.00,1875.00,1842.00,1631.00,1721.00,1836.00,1501.00,1554.00,1539.00,1717.00,1147.00,1465.00,1250.00,1793.00,1786.00,1688.00,1591.00,1130.00,1188.00,1040.00,1765.00,1797.00,1918.00,1835.00,1699.00,1616.00,1884.00,1859.00,1742.00,1713.00,1800.00,1531.00,1767.00,1855.00,1860.00,1778.00,1278.00,1612.00,1611.00,1880.00,1842.00,1672.00,1530.00,2047.00,1710.00,-9999.00,1514.00,1821.00,1753.00,1715.00,1888.00,1895.00,1503.00,1500.00,1829.00,1968.00,2105.00,2076.00,1966.00,1979.00,1647.00,1756.00,1776.00,1870.00,2248.00,2252.00,2123.00,2258.00,2265.00,2113.00,2172.00,2082.00,1878.00,2064.00,2062.00,2034.00,1747.00,1963.00,2076.00,1860.00,2295.00,2153.00,2265.00,2103.00,1774.00,-9999.00,2255.00,2411.00,2480.00,2333.00,2121.00,2068.00,2261.00,2050.00,2146.00,-9999.00,2193.00,2135.00,2101.00,1831.00,2123.00,2231.00,1581.00,2213.00,1796.00,1797.00,2240.00,2317.00,-9999.00,2087.00,1339.00,1330.00,1778.00,1978.00,1812.00,1777.00,2203.00,2200.00,2051.00,2313.00,2482.00,2410.00,1986.00,1846.00,1839.00,2265.00,1469.00,1992.00,-9999.00,1851.00,1212.00,2224.00,-9999.00,1291.00,2066.00,1432.00,2041.00,2070.00,2008.00,1695.00,1702.00,1822.00,-9999.00,1981.00,1696.00,2095.00,1467.00,1837.00,2311.00,1963.00,1857.00,1517.00,1670.00,1656.00,1471.00,1205.00,1684.00,1451.00,1008.00,1413.00,1749.00,2144.00,2214.00,-9999.00,1572.00,1539.00,1570.00,1338.00,1229.00,1386.00,1589.00,2145.00,1529.00,1522.00,-9999.00,1269.00,1991.00,1932.00,1750.00,2296.00,2105.00,1527.00,-9999.00,-9999.00,2008.00,2042.00,2060.00,1533.00,1831.00,1328.00,1664.00,1556.00,1451.00,2431.00,2354.00,1455.00,2632.00,2506.00,1388.00,1682.00,2188.00,1953.00,2045.00,1866.00,2095.00,1652.00,1672.00,1385.00,1566.00,1333.00,1356.00,1884.00,1748.00,1273.00,1117.00,1561.00,1131.00,1202.00,1553.00,1438.00,1378.00,1247.00,2046.00,1673.00,1832.00,1362.00,2077.00,-9999.00,1290.00,2197.00,1886.00,2096.00,1877.00,1600.00,1375.00,1747.00,1792.00,1868.00,1168.00,1390.00,1437.00,-9999.00,1134.00,-9999.00,1895.00,1682.00,1371.00,1398.00,1689.00,1572.00,1648.00,2186.00,1505.00,1469.00,1658.00,1224.00,1466.00,2024.00,1509.00,1904.00,1712.00,1770.00,2131.00,1769.00,-9999.00,1512.00,1214.00,1434.00,1422.00,-9999.00,-9999.00,1513.00,1208.00,1393.00,1377.00,1620.00,1807.00,1626.00,-9999.00,1830.00,1878.00,2103.00,1117.00,-9999.00,1040.00,1883.00,1109.00,1757.00,1141.00,2047.00,1859.00,1822.00,1405.00,1495.00,1449.00,1373.00,1804.00,2043.00,1592.00,1764.00,1489.00,1891.00,1365.00,-9999.00,1680.00,1635.00,1830.00,1712.00,1576.00,1179.00,-9999.00,1248.00,1760.00,1558.00,1329.00,1772.00,1814.00,1592.00,1624.00,1922.00,1965.00,1948.00,1931.00,1833.00,1895.00,1918.00,1911.00,1701.00,1336.00,1320.00,1205.00,1121.00,1761.00,1745.00,1566.00,1775.00,1621.00,1418.00,1570.00,1181.00,1201.00,1355.00,1868.00,1764.00,1741.00,1586.00,1404.00,1414.00,1164.00,1542.00,1508.00,1559.00,1353.00,1477.00,1504.00,1795.00,1775.00,1603.00,1644.00,1779.00,1804.00,1818.00,
1985,1761.00,1591.00,1539.00,1684.00,1694.00,1697.00,1398.00,1620.00,1603.00,1657.00,1683.00,1516.00,1459.00,1506.00,1675.00,1550.00,1404.00,1216.00,1390.00,1563.00,1595.00,1617.00,1333.00,1221.00,1537.00,-9999.00,1701.00,1737.00,1771.00,1915.00,1919.00,1792.00,1854.00,1642.00,1712.00,1954.00,1829.00,1830.00,1608.00,1811.00,1660.00,1901.00,1854.00,1982.00,1825.00,1822.00,1974.00,2109.00,2224.00,1992.00,2249.00,2169.00,1281.00,1415.00,1069.00,1830.00,1746.00,1796.00,1705.00,-9999.00,2168.00,2280.00,2003.00,1653.00,2066.00,1640.00,1792.00,2134.00,2124.00,1922.00,2018.00,1903.00,1941.00,1899.00,1915.00,1958.00,1705.00,1764.00,2175.00,2006.00,1896.00,1863.00,1933.00,1915.00,1885.00,2255.00,2257.00,2248.00,2270.00,2290.00,-9999.00,1960.00,2187.00,2054.00,2164.00,1059.00,1976.00,2247.00,2313.00,2401.00,2460.00,2426.00,2438.00,2470.00,2500.00,1910.00,1439.00,-9999.00,1593.00,2064.00,2084.00,1856.00,1721.00,1640.00,1922.00,1515.00,-9999.00,2087.00,1662.00,1411.00,1342.00,2142.00,2312.00,2166.00,2232.00,2444.00,2422.00,2103.00,2129.00,1514.00,1556.00,1333.00,-9999.00,1581.00,1623.00,1484.00,2446.00,1662.00,1845.00,1856.00,1760.00,-9999.00,1773.00,2078.00,1464.00,2128.00,1232.00,1804.00,1418.00,1400.00,1196.00,1059.00,2379.00,1480.00,1734.00,1602.00,1417.00,1508.00,1757.00,2068.00,1600.00,1581.00,1858.00,1544.00,1409.00,-9999.00,-9999.00,1957.00,-9999.00,1230.00,1300.00,1145.00,1555.00,1716.00,1350.00,1619.00,1310.00,1272.00,1278.00,1208.00,1029.00,-9999.00,1433.00,1719.00,-9999.00,1720.00,1406.00,1634.00,1684.00,1486.00,1430.00,1174.00,1451.00,1056.00,1701.00,1703.00,2262.00,2191.00,1649.00,-9999.00,1288.00,2144.00,2058.00,1827.00,1225.00,1098.00,2074.00,2261.00,1685.00,1245.00,1445.00,-9999.00,-9999.00,1879.00,1604.00,1529.00,1585.00,1721.00,1830.00,1310.00,1744.00,1819.00,1475.00,1452.00,1469.00,1599.00,1651.00,1608.00,1497.00,1492.00,1391.00,1331.00,1452.00,1417.00,1318.00,1484.00,1504.00,1407.00,1132.00,1519.00,1266.00,1525.00,1708.00,1821.00,1799.00,1932.00,1916.00,2033.00,1843.00,1878.00,1396.00,1185.00,1633.00,1295.00,1957.00,1883.00,-9999.00,1492.00,1192.00,-9999.00,1919.00,-9999.00,1378.00,1214.00,1452.00,1524.00,-9999.00,-9999.00,1416.00,1696.00,1538.00,1984.00,1923.00,1764.00,1329.00,1012.00,1286.00,1257.00,-9999.00,1682.00,1006.00,-9999.00,1237.00,-9999.00,1578.00,-9999.00,-9999.00,-9999.00,1701.00,1421.00,1837.00,-9999.00,1150.00,1401.00,1145.00,-9999.00,1700.00,1838.00,1206.00,-9999.00,1385.00,1377.00,1014.00,1721.00,1225.00,1896.00,1836.00,1744.00,1656.00,1464.00,1228.00,1482.00,1203.00,1532.00,1649.00,1600.00,1506.00,-9999.00,-9999.00,1787.00,1654.00,1787.00,1499.00,1614.00,-9999.00,1870.00,1895.00,1989.00,1997.00,1673.00,-9999.00,-9999.00,1337.00,-9999.00,1518.00,1800.00,1551.00,1636.00,1634.00,1607.00,1532.00,1682.00,1827.00,1528.00,1692.00,1675.00,1522.00,1350.00,1502.00,1795.00,1658.00,1730.00,1638.00,1545.00,1625.00,1373.00,1673.00,1711.00,1630.00,1430.00,1629.00,1654.00,1619.00,1504.00,1576.00,1647.00,
1986,1582.00,1618.00,1634.00,1697.00,1762.00,1588.00,1718.00,1721.00,1633.00,1452.00,1739.00,1696.00,1569.00,1743.00,1679.00,1706.00,1645.00,1591.00,1234.00,1175.00,1083.00,1584.00,1696.00,1343.00,1294.00,1714.00,1707.00,1761.00,1756.00,1426.00,1487.00,1575.00,1776.00,1704.00,1851.00,1897.00,1844.00,1538.00,1722.00,1907.00,1850.00,1972.00,1769.00,1794.00,1651.00,1728.00,1804.00,1713.00,1996.00,1961.00,1985.00,1575.00,1852.00,1838.00,1860.00,-9999.00,1589.00,1717.00,1467.00,-9999.00,1813.00,1851.00,2027.00,2000.00,1892.00,1991.00,1854.00,1777.00,1853.00,1853.00,1933.00,2121.00,2117.00,2153.00,2191.00,2197.00,2150.00,2089.00,1913.00,2000.00,2139.00,2133.00,2176.00,2043.00,1261.00,1976.00,2004.00,1651.00,2136.00,2314.00,2277.00,1936.00,2034.00,1888.00,1899.00,2011.00,-9999.00,1724.00,1821.00,2009.00,2120.00,2052.00,1586.00,1836.00,1867.00,2447.00,2456.00,2413.00,2467.00,2452.00,2507.00,2326.00,2332.00,2193.00,1827.00,2190.00,2249.00,2484.00,2497.00,1937.00,2216.00,1239.00,2148.00,1444.00,1573.00,2362.00,1539.00,1932.00,-9999.00,-9999.00,-9999.00,1939.00,2277.00,2406.00,1849.00,1924.00,2252.00,1866.00,1989.00,2088.00,1579.00,1613.00,1630.00,1684.00,1825.00,2008.00,1969.00,2224.00,2114.00,2094.00,2371.00,2499.00,2132.00,2178.00,2272.00,2340.00,1837.00,1221.00,1400.00,2201.00,2486.00,2396.00,1309.00,1376.00,1676.00,2027.00,2252.00,2289.00,2017.00,2224.00,1027.00,1175.00,1469.00,2055.00,1775.00,1169.00,1418.00,1460.00,1758.00,2082.00,2267.00,1989.00,1841.00,1958.00,1778.00,1754.00,1284.00,-9999.00,2089.00,2047.00,1850.00,1777.00,1059.00,1380.00,1725.00,1811.00,1880.00,2117.00,1560.00,1605.00,1199.00,1072.00,-9999.00,-9999.00,-9999.00,1278.00,1256.00,1123.00,1446.00,2028.00,1312.00,1628.00,1468.00,2345.00,1937.00,1777.00,1651.00,-9999.00,1651.00,1646.00,1417.00,1297.00,1196.00,1306.00,1717.00,1362.00,1564.00,1777.00,1765.00,1314.00,1383.00,1964.00,2091.00,1996.00,1515.00,1736.00,1963.00,1337.00,1477.00,1632.00,1949.00,1605.00,1917.00,1503.00,2442.00,2103.00,1847.00,1320.00,1799.00,1563.00,1504.00,-9999.00,-9999.00,-9999.00,-9999.00,1534.00,1537.00,1646.00,1478.00,1483.00,1767.00,2049.00,1830.00,1236.00,2204.00,1737.00,1808.00,1131.00,1750.00,1910.00,1688.00,1707.00,-9999.00,-9999.00,-9999.00,1497.00,1814.00,1705.00,1828.00,1444.00,1604.00,1956.00,1589.00,1848.00,2000.00,1626.00,-9999.00,-9999.00,1343.00,1040.00,1291.00,1451.00,1743.00,1684.00,1988.00,1850.00,-9999.00,1085.00,1263.00,1593.00,-9999.00,1241.00,1018.00,1522.00,1934.00,1969.00,1501.00,1782.00,1435.00,1721.00,1362.00,1795.00,1711.00,1900.00,1978.00,1562.00,1436.00,1167.00,-9999.00,1351.00,1210.00,1085.00,1693.00,1742.00,1890.00,1375.00,1649.00,1818.00,1828.00,1287.00,1574.00,1455.00,1606.00,1402.00,1836.00,1795.00,1840.00,1250.00,-9999.00,-9999.00,1547.00,1225.00,1479.00,1671.00,1694.00,1730.00,1778.00,1768.00,1706.00,1826.00,1867.00,1684.00,1756.00,1789.00,1799.00,1710.00,1460.00,1867.00,1777.00,1840.00,1494.00,1253.00,1779.00,1722.00,1612.00,1373.00,
1987,1703.00,1492.00,1577.00,1562.00,1484.00,1731.00,1817.00,1740.00,1739.00,1632.00,1571.00,1211.00,1524.00,1549.00,1882.00,1497.00,1811.00,1656.00,1663.00,1835.00,1559.00,1335.00,1238.00,1676.00,1787.00,-9999.00,1850.00,1480.00,1765.00,1495.00,1740.00,1661.00,1904.00,1636.00,1825.00,1239.00,1813.00,1408.00,1769.00,1495.00,1562.00,1282.00,1153.00,1003.00,1734.00,-9999.00,1613.00,-9999.00,1791.00,-9999.00,1594.00,-9999.00,1601.00,-9999.00,1738.00,-9999.00,1861.00,-9999.00,1532.00,-9999.00,-9999.00,-9999.00,-9999.00,1498.00,-9999.00,1854.00,1440.00,2078.00,1775.00,2008.00,1628.00,1911.00,-9999.00,2005.00,1458.00,2005.00,1277.00,2039.00,1613.00,1846.00,1981.00,2044.00,1845.00,2100.00,1969.00,1967.00,-9999.00,2048.00,2246.00,2094.00,1667.00,2174.00,2209.00,2111.00,2118.00,2121.00,2146.00,1983.00,2066.00,2125.00,2193.00,2057.00,2021.00,2015.00,2034.00,1186.00,1586.00,1217.00,2013.00,2374.00,2226.00,2306.00,2246.00,1909.00,2084.00,2025.00,2314.00,1511.00,1573.00,1937.00,1850.00,2035.00,1888.00,2395.00,2038.00,1388.00,-9999.00,1628.00,1746.00,1242.00,2108.00,1715.00,1391.00,1901.00,-9999.00,-9999.00,2531.00,2381.00,2010.00,2239.00,1456.00,2080.00,2344.00,2004.00,2384.00,2034.00,2129.00,1683.00,2020.00,-9999.00,1905.00,2188.00,1819.00,1943.00,1746.00,2008.00,1656.00,1909.00,1819.00,1743.00,1421.00,1802.00,2145.00,2194.00,1249.00,1378.00,1560.00,1476.00,1893.00,1690.00,-9999.00,1192.00,1374.00,-9999.00,1720.00,2279.00,2254.00,1918.00,1964.00,2134.00,2138.00,1620.00,1608.00,1261.00,1503.00,1096.00,-9999.00,1208.00,1132.00,1100.00,1477.00,1838.00,1782.00,2117.00,1827.00,1766.00,1509.00,1742.00,1753.00,1150.00,1791.00,1775.00,2329.00,1966.00,1865.00,2066.00,2050.00,2362.00,2125.00,1960.00,1989.00,1645.00,1360.00,1689.00,1861.00,1632.00,2014.00,1821.00,2219.00,2415.00,2259.00,2282.00,1553.00,1593.00,1407.00,2225.00,2116.00,2020.00,1174.00,1876.00,1470.00,2317.00,1954.00,1586.00,1068.00,-9999.00,1636.00,1332.00,1353.00,1678.00,1863.00,1765.00,1658.00,1841.00,1373.00,1455.00,1405.00,2130.00,-9999.00,-9999.00,1733.00,1631.00,1760.00,1175.00,1142.00,2012.00,1671.00,1591.00,1850.00,-9999.00,1346.00,-9999.00,-9999.00,-9999.00,1420.00,1509.00,1407.00,-9999.00,-9999.00,-9999.00,1349.00,1624.00,2002.00,2159.00,-9999.00,-9999.00,-9999.00,-9999.00,-9999.00,1823.00,1769.00,1777.00,-9999.00,1350.00,1062.00,1560.00,1576.00,-9999.00,1316.00,1682.00,1174.00,-9999.00,1374.00,-9999.00,1277.00,1006.00,1895.00,2031.00,1869.00,2097.00,2033.00,1160.00,1549.00,-9999.00,1580.00,1373.00,1549.00,1213.00,1604.00,1707.00,1598.00,1321.00,1180.00,1286.00,-9999.00,1583.00,1066.00,1270.00,1165.00,1648.00,1712.00,-9999.00,1083.00,1486.00,1773.00,1753.00,1191.00,1379.00,-9999.00,1526.00,1324.00,1241.00,1172.00,1001.00,-9999.00,1482.00,1747.00,1695.00,1780.00,1786.00,1661.00,1746.00,1151.00,1775.00,1684.00,1709.00,1268.00,1796.00,1876.00,1727.00,1695.00,1729.00,1718.00,1803.00,1795.00,1750.00,1701.00,1632.00,1710.00,1730.00,1733.00,1365.00,1628.00,1025.00,1410.00,1782.00,
1988,1828.00,1850.00,1877.00,1820.00,1585.00,1887.00,1702.00,1816.00,1778.00,1675.00,1748.00,1847.00,1703.00,1428.00,-9999.00,-9999.00,-9999.00,-9999.00,-9999.00,-9999.00,-9999.00,-9999.00,-9999.00,-9999.00,-9999.00,-9999.00,-9999.00,-9999.00,-9999.00,1906.00,2139.00,1822.00,1647.00,1960.00,2008.00,2073.00,1991.00,1961.00,1982.00,1850.00,-9999.00,1507.00,1135.00,1884.00,1923.00,1903.00,1522.00,-9999.00,1332.00,2178.00,1967.00,2255.00,2253.00,2260.00,2106.00,1973.00,1867.00,2367.00,2301.00,-9999.00,2361.00,2446.00,2395.00,1976.00,2048.00,2253.00,-9999.00,2055.00,2172.00,2420.00,2250.00,2233.00,2259.00,2587.00,2564.00,2645.00,2575.00,2372.00,2220.00,2516.00,2021.00,2357.00,2293.00,1683.00,2481.00,2778.00,2676.00,2470.00,2518.00,2694.00,2718.00,2016.00,2606.00,2156.00,1967.00,2211.00,2282.00,2288.00,1783.00,1699.00,1626.00,2509.00,2504.00,1730.00,2019.00,-9999.00,1821.00,1587.00,-9999.00,2305.00,2343.00,1716.00,2542.00,2518.00,1048.00,1710.00,1501.00,1491.00,2472.00,1476.00,1824.00,2262.00,1426.00,-9999.00,1342.00,1560.00,2225.00,1284.00,1917.00,1592.00,1226.00,-9999.00,1965.00,2380.00,2626.00,2338.00,2797.00,2204.00,1833.00,2002.00,2359.00,2121.00,2409.00,2877.00,2735.00,2364.00,2055.00,2728.00,1944.00,1738.00,1830.00,1593.00,2286.00,2092.00,1798.00,1905.00,1294.00,1428.00,1209.00,1887.00,2144.00,2698.00,2642.00,2164.00,1713.00,1737.00,2532.00,1806.00,1771.00,1597.00,1748.00,2540.00,2778.00,2796.00,2538.00,2461.00,2155.00,2005.00,2486.00,2393.00,2262.00,1541.00,1455.00,1720.00,1851.00,2234.00,1242.00,1675.00,2639.00,2646.00,2304.00,2294.00,2251.00,1979.00,1745.00,1322.00,1084.00,1203.00,1467.00,1623.00,2209.00,1962.00,1452.00,1436.00,2055.00,2251.00,2385.00,2081.00,2209.00,2530.00,1688.00,1431.00,1730.00,1446.00,1020.00,-9999.00,1387.00,2654.00,2314.00,2033.00,2428.00,1743.00,1398.00,1196.00,1647.00,1908.00,2107.00,2341.00,2278.00,2005.00,2276.00,1906.00,-9999.00,1023.00,2464.00,1265.00,2227.00,1297.00,1059.00,1794.00,1504.00,2116.00,-9999.00,1683.00,1653.00,-9999.00,2763.00,1969.00,2066.00,-9999.00,2294.00,2559.00,-9999.00,1103.00,1227.00,1288.00,1818.00,1617.00,-9999.00,1836.00,-9999.00,-9999.00,1636.00,-9999.00,2193.00,2427.00,2211.00,2232.00,-9999.00,-9999.00,-9999.00,1878.00,1225.00,1025.00,1719.00,1749.00,1790.00,1419.00,-9999.00,1670.00,1789.00,1684.00,1224.00,-9999.00,1424.00,1017.00,1566.00,1883.00,1593.00,-9999.00,1296.00,1111.00,1646.00,1643.00,1913.00,1786.00,1794.00,1484.00,1171.00,1143.00,1338.00,1318.00,2335.00,2045.00,2189.00,1925.00,2200.00,1941.00,1929.00,2280.00,2235.00,2074.00,1125.00,1187.00,2115.00,2013.00,2087.00,1978.00,-9999.00,1533.00,1480.00,1553.00,1703.00,1385.00,1841.00,1925.00,1686.00,1831.00,-9999.00,1546.00,1342.00,1877.00,2013.00,2041.00,1480.00,1647.00,1745.00,1845.00,1945.00,2028.00,1981.00,1870.00,1949.00,1691.00,2184.00,1850.00,2039.00,1907.00,1895.00,2145.00,2192.00,2067.00,1883.00,1844.00,2075.00,1971.00,1950.00,1808.00,1831.00,1948.00,2079.00,1806.00,1932.00,1915.00,1704.00,2078.00,
1989,1869.00,2059.00,1739.00,2055.00,1970.00,1470.00,1068.00,1464.00,1751.00,1450.00,1581.00,1956.00,1884.00,1993.00,2023.00,2108.00,2061.00,1878.00,1721.00,1837.00,1821.00,1754.00,1130.00,1278.00,1571.00,-9999.00,1334.00,-9999.00,1643.00,-9999.00,1627.00,1567.00,1775.00,1781.00,-9999.00,1557.00,1843.00,1964.00,2188.00,2126.00,1918.00,-9999.00,2078.00,1930.00,1755.00,2097.00,2146.00,2048.00,2114.00,2347.00,2272.00,2413.00,1892.00,1728.00,1715.00,1778.00,1883.00,1990.00,1718.00,-9999.00,2086.00,2320.00,2109.00,2066.00,2204.00,-9999.00,1216.00,1501.00,2313.00,2374.00,2229.00,2396.00,2507.00,2119.00,2385.00,2232.00,2131.00,2411.00,2616.00,2544.00,2751.00,2699.00,2657.00,2497.00,2310.00,2574.00,2750.00,2441.00,1990.00,2212.00,2434.00,2789.00,2855.00,2830.00,2532.00,2460.00,2675.00,2405.00,2775.00,2652.00,2053.00,2500.00,2433.00,2443.00,2742.00,2916.00,2147.00,2770.00,2730.00,2615.00,2523.00,2465.00,2367.00,2452.00,2177.00,2233.00,1721.00,2116.00,2434.00,2640.00,2871.00,2834.00,2223.00,2727.00,2795.00,2736.00,-9999.00,2016.00,2100.00,-9999.00,1970.00,2272.00,2234.00,2596.00,2247.00,1660.00,2463.00,1629.00,1654.00,2591.00,1626.00,1292.00,1790.00,1335.00,1638.00,2221.00,1950.00,1206.00,1697.00,1559.00,2199.00,2436.00,2266.00,1963.00,1542.00,2244.00,2493.00,2304.00,2363.00,2573.00,1947.00,2133.00,1481.00,-9999.00,2413.00,-9999.00,1463.00,1888.00,1883.00,2182.00,2072.00,1973.00,1352.00,2251.00,2466.00,1738.00,2655.00,1720.00,1226.00,-9999.00,2640.00,2823.00,2198.00,2281.00,2531.00,2208.00,-9999.00,-9999.00,1510.00,1821.00,1943.00,2252.00,2131.00,1301.00,-9999.00,2510.00,2100.00,2079.00,2522.00,2016.00,2342.00,2091.00,1718.00,1972.00,1429.00,1384.00,1119.00,1166.00,2686.00,2599.00,2870.00,2204.00,1388.00,1586.00,1761.00,-9999.00,1656.00,1732.00,2014.00,2296.00,2319.00,2513.00,1423.00,1474.00,2034.00,1987.00,1889.00,-9999.00,1417.00,2473.00,2620.00,2256.00,2672.00,2522.00,1735.00,1855.00,1604.00,1828.00,1756.00,2328.00,2194.00,2142.00,-9999.00,2325.00,1460.00,1202.00,1735.00,1823.00,1584.00,1683.00,1503.00,1186.00,1610.00,2277.00,1905.00,2345.00,2427.00,1960.00,1379.00,1787.00,1540.00,1815.00,1899.00,1720.00,1902.00,1923.00,1611.00,1570.00,1411.00,1297.00,2227.00,1588.00,1840.00,1570.00,1253.00,2133.00,1610.00,1252.00,1236.00,1156.00,1431.00,2433.00,1968.00,2225.00,1196.00,1274.00,1600.00,1964.00,-9999.00,2061.00,1257.00,1779.00,961.00,1109.00,2310.00,2091.00,2381.00,1959.00,1827.00,1522.00,1846.00,2323.00,1350.00,2244.00,1959.00,2130.00,1976.00,1762.00,1277.00,1880.00,1258.00,1592.00,1763.00,1642.00,2183.00,1784.00,2113.00,2188.00,1918.00,2106.00,1076.00,1760.00,2106.00,2222.00,2136.00,2148.00,2163.00,2057.00,2076.00,1985.00,2036.00,1874.00,2019.00,1956.00,2045.00,1940.00,2084.00,1518.00,1967.00,1986.00,1918.00,1978.00,1991.00,1968.00,-9999.00,2088.00,1967.00,2135.00,2131.00,2066.00,2030.00,2027.00,1924.00,1865.00,1942.00,1873.00,1539.00,1806.00,1819.00,1682.00,1695.00,652.00,1607.00,1771.00,1904.00,1792.00,
1990,1957.00,1406.00,1332.00,1762.00,1459.00,1643.00,1856.00,1937.00,1472.00,1629.00,1648.00,1625.00,1467.00,1754.00,1745.00,1567.00,1596.00,1953.00,2042.00,1630.00,1999.00,2051.00,2040.00,1923.00,1863.00,1828.00,1900.00,2039.00,1760.00,1825.00,1955.00,1577.00,-9999.00,1639.00,1834.00,1663.00,-9999.00,-9999.00,-9999.00,1798.00,1969.00,1990.00,1933.00,2257.00,2119.00,2320.00,2317.00,2271.00,2025.00,2207.00,2396.00,2218.00,2238.00,2208.00,2578.00,2524.00,2475.00,2503.00,2328.00,-9999.00,2503.00,2154.00,2304.00,2352.00,2406.00,2050.00,2086.00,2304.00,2178.00,1728.00,1865.00,2396.00,2400.00,2397.00,-9999.00,2091.00,1819.00,2290.00,2244.00,1940.00,2302.00,2631.00,2545.00,2775.00,2692.00,2658.00,2343.00,2664.00,2622.00,2673.00,2447.00,2257.00,2286.00,2836.00,2786.00,1690.00,2116.00,1852.00,2584.00,2549.00,2185.00,2610.00,2658.00,2729.00,-9999.00,2538.00,2617.00,2563.00,2630.00,2483.00,2212.00,2060.00,2540.00,2463.00,2691.00,2643.00,2573.00,2505.00,-9999.00,2093.00,1270.00,2478.00,2796.00,2837.00,2531.00,-9999.00,2628.00,2422.00,2610.00,-9999.00,2603.00,2579.00,2515.00,2535.00,1793.00,2729.00,2385.00,2338.00,-9999.00,1394.00,1187.00,2416.00,1821.00,1830.00,1829.00,-9999.00,1642.00,2547.00,1942.00,2418.00,2381.00,2208.00,2209.00,1986.00,2221.00,2352.00,2208.00,2629.00,1228.00,1390.00,1385.00,1774.00,1779.00,1512.00,2122.00,2071.00,2096.00,1464.00,1260.00,2226.00,1194.00,1744.00,1769.00,1786.00,2143.00,1848.00,1374.00,2046.00,2058.00,1611.00,1887.00,1990.00,1270.00,1698.00,-9999.00,1929.00,1830.00,1768.00,2589.00,2864.00,2133.00,-9999.00,1697.00,1607.00,2495.00,2085.00,1311.00,2193.00,2746.00,2180.00,2067.00,1092.00,-9999.00,1966.00,1477.00,1817.00,1566.00,1855.00,2614.00,2193.00,-9999.00,2570.00,2429.00,2744.00,2055.00,2295.00,1670.00,1514.00,1953.00,1295.00,1438.00,2928.00,2329.00,2025.00,1853.00,1536.00,2066.00,2379.00,2383.00,1804.00,2278.00,1505.00,1032.00,1726.00,2348.00,2252.00,2110.00,1685.00,1943.00,1640.00,1767.00,1661.00,-9999.00,2543.00,1610.00,-9999.00,-9999.00,1861.00,2277.00,2315.00,2302.00,2259.00,1718.00,2030.00,1717.00,1336.00,1492.00,1794.00,2173.00,1431.00,2036.00,1868.00,2245.00,2458.00,1504.00,2011.00,1527.00,1153.00,1480.00,-9999.00,-9999.00,-9999.00,1240.00,1758.00,2158.00,1923.00,1955.00,-9999.00,1486.00,1878.00,1402.00,-9999.00,-9999.00,2106.00,1965.00,2220.00,2209.00,2289.00,1484.00,-9999.00,1451.00,1829.00,1605.00,-9999.00,2233.00,-9999.00,1391.00,2168.00,1946.00,1952.00,1976.00,1899.00,1673.00,1817.00,2268.00,1817.00,1497.00,1958.00,1962.00,1521.00,1923.00,2257.00,1961.00,-9999.00,-9999.00,1575.00,2044.00,-9999.00,1505.00,2104.00,2054.00,1456.00,1010.00,1085.00,1866.00,1272.00,2031.00,2107.00,1969.00,1953.00,2120.00,1886.00,1766.00,1716.00,2143.00,2095.00,2177.00,2110.00,1962.00,2065.00,2032.00,1924.00,-9999.00,1906.00,1926.00,1691.00,1849.00,1950.00,1959.00,1973.00,2002.00,1980.00,1916.00,1881.00,2046.00,-9999.00,1973.00,2009.00,1988.00,1979.00,2048.00,1967.00,2111.00,1928.00,1775.00,-9999.00,
1991,1676.00,1463.00,1207.00,1304.00,1741.00,1638.00,1131.00,1186.00,-9999.00,1322.00,1406.00,1755.00,-9999.00,1811.00,2009.00,2099.00,2092.00,1982.00,1790.00,1873.00,1769.00,1784.00,1735.00,1069.00,1683.00,1739.00,1900.00,1871.00,1912.00,2098.00,2079.00,2014.00,2087.00,1975.00,1999.00,1953.00,1809.00,1660.00,1686.00,1686.00,1950.00,2064.00,1839.00,1986.00,1995.00,1835.00,2065.00,2000.00,1995.00,1960.00,1744.00,-9999.00,2069.00,2030.00,2142.00,2208.00,2326.00,2049.00,1990.00,-9999.00,2075.00,2256.00,2535.00,2472.00,2376.00,2427.00,2288.00,2551.00,2491.00,2200.00,2061.00,2105.00,2354.00,1731.00,1950.00,2346.00,2434.00,2341.00,2204.00,2609.00,2748.00,2031.00,2354.00,2220.00,2638.00,2488.00,2421.00,2107.00,2417.00,2112.00,1953.00,-9999.00,2547.00,2497.00,2495.00,2436.00,2361.00,2224.00,2200.00,2290.00,2283.00,2368.00,2120.00,2443.00,2193.00,2327.00,2440.00,2416.00,2342.00,2735.00,2498.00,-9999.00,-9999.00,2153.00,2189.00,-9999.00,2327.00,2272.00,2986.00,2806.00,2620.00,2722.00,2895.00,2383.00,1873.00,1940.00,2120.00,2285.00,2263.00,1894.00,1567.00,1871.00,2773.00,2521.00,2106.00,2510.00,1952.00,1632.00,1624.00,2255.00,2193.00,1728.00,2082.00,1809.00,-9999.00,1597.00,2575.00,1789.00,1548.00,1320.00,2055.00,1783.00,1428.00,1391.00,2465.00,2174.00,1432.00,1451.00,1581.00,1637.00,1581.00,1130.00,1250.00,1281.00,1723.00,2093.00,1821.00,1689.00,1468.00,1400.00,1876.00,2027.00,1479.00,1606.00,-9999.00,1423.00,2611.00,2260.00,2093.00,1857.00,2355.00,2871.00,1851.00,1650.00,2165.00,-9999.00,2303.00,2444.00,2469.00,2706.00,1461.00,2306.00,2020.00,2274.00,2146.00,-9999.00,1620.00,1204.00,1220.00,2437.00,2582.00,1555.00,1302.00,1635.00,1772.00,1729.00,1203.00,1626.00,1317.00,1300.00,1889.00,1996.00,1229.00,1644.00,1995.00,1514.00,2731.00,1739.00,1549.00,2037.00,1408.00,2023.00,2230.00,1583.00,1304.00,1275.00,1637.00,1727.00,1645.00,1264.00,-9999.00,1243.00,1361.00,1855.00,-9999.00,-9999.00,2053.00,1955.00,1709.00,-9999.00,1262.00,1123.00,1961.00,1804.00,1633.00,2388.00,2134.00,2087.00,-9999.00,1799.00,1945.00,1776.00,1993.00,1546.00,2152.00,1985.00,1450.00,1642.00,1527.00,1606.00,1498.00,-9999.00,-9999.00,-9999.00,2100.00,1752.00,-9999.00,-9999.00,1399.00,1829.00,1459.00,1816.00,-9999.00,1630.00,1566.00,1786.00,1627.00,1609.00,1416.00,1853.00,1891.00,1845.00,1341.00,-9999.00,1741.00,1814.00,2016.00,2128.00,-9999.00,-9999.00,-9999.00,2108.00,1455.00,-9999.00,-9999.00,-9999.00,1980.00,1848.00,1909.00,1816.00,2053.00,2031.00,2088.00,2114.00,2200.00,2182.00,1887.00,1866.00,2026.00,1811.00,2013.00,1902.00,2028.00,1019.00,1621.00,2014.00,1982.00,2060.00,2033.00,2048.00,2110.00,2006.00,1999.00,1957.00,1989.00,1923.00,1926.00,1822.00,1637.00,2051.00,1981.00,1762.00,-9999.00,1484.00,1516.00,1706.00,1587.00,1888.00,1853.00,1873.00,1525.00,1838.00,1928.00,1840.00,1612.00,1765.00,1351.00,1736.00,1647.00,1780.00,1581.00,1289.00,1674.00,1403.00,1601.00,1793.00,1714.00,1676.00,1681.00,1771.00,1419.00,1527.00,1661.00,1057.00,1531.00,1526.00,
1992,-9999.00,-9999.00,-9999.00,-9999.00,-9999.00,-9999.00,-9999.00,-9999.00,-9999.00,-9999.00,-9999.00,-9999.00,-9999.00,-9999.00,-9999.00,-9999.00,-9999.00,-9999.00,-9999.00,-9999.00,-9999.00,-9999.00,-9999.00,-9999.00,-9999.00,-9999.00,-9999.00,-9999.00,-9999.00,-9999.00,-9999.00,-9999.00,-9999.00,-9999.00,-9999.00,-9999.00,-9999.00,-9999.00,-9999.00,-9999.00,-9999.00,-9999.00,-9999.00,-9999.00,-9999.00,-9999.00,-9999.00,-9999.00,-9999.00,-9999.00,-9999.00,-9999.00,-9999.00,-9999.00,-9999.00,-9999.00,-9999.00,-9999.00,-9999.00,-9999.00,-9999.00,-9999.00,-9999.00,-9999.00,-9999.00,-9999.00,-9999.00,-9999.00,-9999.00,-9999.00,-9999.00,-9999.00,-9999.00,-9999.00,-9999.00,-9999.00,-9999.00,-9999.00,-9999.00,-9999.00,-9999.00,-9999.00,-9999.00,-9999.00,-9999.00,-9999.00,-9999.00,-9999.00,-9999.00,-9999.00,-9999.00,-9999.00,-9999.00,-9999.00,-9999.00,-9999.00,-9999.00,-9999.00,-9999.00,-9999.00,-9999.00,-9999.00,-9999.00,-9999.00,-9999.00,-9999.00,-9999.00,-9999.00,-9999.00,-9999.00,-9999.00,-9999.00,-9999.00,-9999.00,-9999.00,-9999.00,-9999.00,-9999.00,-9999.00,-9999.00,-9999.00,-9999.00,-9999.00,-9999.00,-9999.00,-9999.00,-9999.00,-9999.00,-9999.00,-9999.00,-9999.00,-9999.00,-9999.00,-9999.00,-9999.00,-9999.00,-9999.00,-9999.00,-9999.00,-9999.00,-9999.00,-9999.00,-9999.00,-9999.00,-9999.00,-9999.00,-9999.00,-9999.00,-9999.00,-9999.00,-9999.00,-9999.00,-9999.00,-9999.00,-9999.00,-9999.00,-9999.00,-9999.00,-9999.00,-9999.00,-9999.00,-9999.00,-9999.00,-9999.00,-9999.00,-9999.00,-9999.00,-9999.00,-9999.00,-9999.00,-9999.00,-9999.00,-9999.00,-9999.00,-9999.00,-9999.00,-9999.00,-9999.00,-9999.00,-9999.00,-9999.00,-9999.00,-9999.00,-9999.00,-9999.00,-9999.00,-9999.00,-9999.00,-9999.00,-9999.00,-9999.00,-9999.00,-9999.00,-9999.00,-9999.00,-9999.00,-9999.00,-9999.00,-9999.00,-9999.00,-9999.00,-9999.00,-9999.00,-9999.00,-9999.00,-9999.00,-9999.00,-9999.00,-9999.00,-9999.00,-9999.00,-9999.00,-9999.00,-9999.00,-9999.00,-9999.00,-9999.00,-9999.00,-9999.00,-9999.00,-9999.00,-9999.00,-9999.00,-9999.00,-9999.00,-9999.00,-9999.00,-9999.00,-9999.00,-9999.00,-9999.00,-9999.00,-9999.00,-9999.00,-9999.00,-9999.00,-9999.00,-9999.00,-9999.00,-9999.00,-9999.00,-9999.00,-9999.00,-9999.00,-9999.00,-9999.00,-9999.00,-9999.00,-9999.00,-9999.00,-9999.00,-9999.00,-9999.00,-9999.00,-9999.00,-9999.00,-9999.00,-9999.00,-9999.00,-9999.00,-9999.00,-9999.00,-9999.00,-9999.00,-9999.00,-9999.00,-9999.00,-9999.00,-9999.00,-9999.00,-9999.00,-9999.00,-9999.00,-9999.00,-9999.00,-9999.00,-9999.00,-9999.00,-9999.00,-9999.00,-9999.00,-9999.00,-9999.00,-9999.00,-9999.00,-9999.00,1873.00,1728.00,-9999.00,1831.00,1796.00,1550.00,1768.00,2048.00,2021.00,1560.00,1827.00,-9999.00,1953.00,1741.00,1551.00,1834.00,-9999.00,-9999.00,-9999.00,1825.00,2278.00,2192.00,2221.00,1772.00,2132.00,1552.00,1915.00,1389.00,2226.00,2297.00,1841.00,2092.00,1333.00,1488.00,2227.00,2116.00,1720.00,2036.00,2101.00,2209.00,1946.00,2043.00,2076.00,2053.00,2082.00,1978.00,1847.00,2059.00,1998.00,2083.00,2050.00,1935.00,1795.00,1948.00,1472.00,1626.00,1956.00,1752.00,1927.00,1345.00,1536.00,1795.00,1542.00,1787.00,2078.00,2164.00,2128.00,2094.00,1854.00,2032.00,1723.00,2031.00,1803.00,-9999.00,1794.00,1486.00,1342.00,1472.00,-9999.00,1727.00,
1993,2013.00,2123.00,1445.00,1788.00,1615.00,-9999.00,1672.00,1841.00,2054.00,-9999.00,1885.00,-9999.00,1622.00,1785.00,-9999.00,1370.00,1765.00,1903.00,1642.00,1577.00,-9999.00,1539.00,1681.00,1795.00,1686.00,2151.00,1654.00,2003.00,2215.00,-9999.00,-9999.00,-9999.00,1903.00,2012.00,2166.00,2192.00,2080.00,1792.00,1803.00,1844.00,1808.00,2077.00,1955.00,1890.00,1963.00,2156.00,2171.00,2312.00,2390.00,2242.00,2376.00,2293.00,2463.00,2143.00,2211.00,2349.00,2272.00,2140.00,1944.00,-9999.00,-9999.00,1604.00,1800.00,2118.00,2285.00,2266.00,2298.00,2474.00,2464.00,-9999.00,2092.00,2117.00,1589.00,2226.00,2169.00,2081.00,2543.00,2455.00,2305.00,-9999.00,2550.00,2123.00,1963.00,2601.00,2551.00,2817.00,2615.00,2616.00,2439.00,2293.00,2026.00,2445.00,2308.00,2543.00,2432.00,2404.00,2049.00,1956.00,-9999.00,2017.00,2273.00,2298.00,2463.00,-9999.00,1902.00,2388.00,2742.00,2654.00,2924.00,2639.00,2284.00,2349.00,1543.00,2345.00,2268.00,2744.00,2783.00,2643.00,2432.00,2627.00,2629.00,2749.00,2713.00,2646.00,2610.00,2613.00,2500.00,2558.00,1979.00,2641.00,2488.00,2579.00,2697.00,1464.00,1909.00,2156.00,-9999.00,2253.00,1963.00,-9999.00,1658.00,2375.00,1224.00,2390.00,1925.00,1334.00,2104.00,2872.00,2678.00,2393.00,1571.00,2432.00,2361.00,2124.00,1931.00,2840.00,1671.00,2288.00,1365.00,1983.00,-9999.00,2164.00,2385.00,2073.00,2279.00,2190.00,2222.00,2475.00,2345.00,2229.00,1938.00,2454.00,2344.00,2405.00,1781.00,1144.00,-9999.00,2505.00,2226.00,2064.00,2326.00,1326.00,1490.00,2241.00,2470.00,2528.00,2222.00,2559.00,1950.00,1779.00,1779.00,1982.00,1742.00,1763.00,-9999.00,1222.00,1726.00,1891.00,2529.00,2318.00,2507.00,2200.00,2111.00,2089.00,2678.00,2711.00,2117.00,2397.00,2367.00,2267.00,1678.00,1451.00,2308.00,-9999.00,1362.00,1448.00,1558.00,2447.00,2199.00,2425.00,1918.00,1959.00,1362.00,1477.00,1763.00,1491.00,-9999.00,2196.00,1436.00,1519.00,-9999.00,1868.00,1261.00,1552.00,1749.00,1436.00,1564.00,1334.00,2139.00,-9999.00,-9999.00,1849.00,2000.00,2232.00,1549.00,2434.00,1491.00,1362.00,1732.00,1634.00,2543.00,2125.00,1156.00,1525.00,2397.00,-9999.00,1784.00,2188.00,1826.00,1698.00,1784.00,1860.00,-9999.00,-9999.00,1368.00,1634.00,1773.00,1389.00,1764.00,1842.00,1836.00,1264.00,1588.00,1729.00,1259.00,1534.00,-9999.00,-9999.00,2323.00,-9999.00,1801.00,1493.00,-9999.00,-9999.00,2218.00,2179.00,1966.00,1826.00,2218.00,1441.00,1576.00,1211.00,1468.00,1978.00,1337.00,2083.00,1749.00,1424.00,1550.00,1770.00,1561.00,1685.00,1881.00,2044.00,2157.00,2097.00,2130.00,2121.00,2002.00,1837.00,1960.00,1845.00,1918.00,1925.00,1946.00,1782.00,1911.00,1560.00,1561.00,-9999.00,-9999.00,-9999.00,-9999.00,1954.00,1808.00,2015.00,1818.00,2090.00,1744.00,1403.00,1731.00,2038.00,1056.00,1511.00,1791.00,1814.00,1788.00,1728.00,2022.00,2046.00,2017.00,1832.00,1627.00,1898.00,-9999.00,1190.00,1602.00,1219.00,1723.00,1436.00,1946.00,1743.00,1935.00,1968.00,1860.00,1398.00,1766.00,1570.00,1940.00,1967.00,2012.00,1998.00,2028.00,1889.00,1894.00,2021.00,
1994,-9999.00,-9999.00,-9999.00,-9999.00,-9999.00,-9999.00,-9999.00,-9999.00,-9999.00,-9999.00,-9999.00,-9999.00,-9999.00,-9999.00,-9999.00,-9999.00,-9999.00,-9999.00,-9999.00,-9999.00,-9999.00,-9999.00,-9999.00,-9999.00,-9999.00,-9999.00,-9999.00,-9999.00,-9999.00,-9999.00,-9999.00,-9999.00,-9999.00,-9999.00,-9999.00,-9999.00,-9999.00,-9999.00,-9999.00,-9999.00,-9999.00,-9999.00,-9999.00,-9999.00,-9999.00,-9999.00,-9999.00,-9999.00,-9999.00,-9999.00,-9999.00,-9999.00,-9999.00,-9999.00,-9999.00,-9999.00,-9999.00,-9999.00,-9999.00,-9999.00,-9999.00,-9999.00,-9999.00,-9999.00,-9999.00,-9999.00,-9999.00,-9999.00,-9999.00,-9999.00,-9999.00,-9999.00,-9999.00,-9999.00,-9999.00,-9999.00,-9999.00,-9999.00,-9999.00,-9999.00,-9999.00,-9999.00,-9999.00,-9999.00,-9999.00,-9999.00,-9999.00,-9999.00,-9999.00,-9999.00,-9999.00,-9999.00,-9999.00,-9999.00,-9999.00,-9999.00,-9999.00,-9999.00,-9999.00,-9999.00,-9999.00,-9999.00,-9999.00,-9999.00,-9999.00,-9999.00,-9999.00,-9999.00,-9999.00,-9999.00,-9999.00,-9999.00,-9999.00,-9999.00,-9999.00,-9999.00,-9999.00,-9999.00,-9999.00,-9999.00,-9999.00,-9999.00,-9999.00,-9999.00,-9999.00,-9999.00,-9999.00,-9999.00,-9999.00,-9999.00,-9999.00,-9999.00,-9999.00,-9999.00,-9999.00,-9999.00,-9999.00,-9999.00,-9999.00,-9999.00,-9999.00,-9999.00,-9999.00,-9999.00,-9999.00,-9999.00,-9999.00,-9999.00,-9999.00,-9999.00,-9999.00,-9999.00,-9999.00,-9999.00,-9999.00,-9999.00,-9999.00,-9999.00,-9999.00,-9999.00,-9999.00,-9999.00,-9999.00,-9999.00,-9999.00,-9999.00,-9999.00,-9999.00,-9999.00,-9999.00,-9999.00,-9999.00,-9999.00,-9999.00,-9999.00,-9999.00,-9999.00,-9999.00,-9999.00,-9999.00,-9999.00,-9999.00,-9999.00,-9999.00,-9999.00,-9999.00,-9999.00,-9999.00,-9999.00,-9999.00,-9999.00,-9999.00,-9999.00,-9999.00,-9999.00,-9999.00,-9999.00,-9999.00,-9999.00,-9999.00,-9999.00,-9999.00,-9999.00,-9999.00,-9999.00,-9999.00,-9999.00,-9999.00,-9999.00,-9999.00,-9999.00,-9999.00,-9999.00,-9999.00,-9999.00,-9999.00,-9999.00,-9999.00,-9999.00,-9999.00,-9999.00,-9999.00,-9999.00,-9999.00,-9999.00,-9999.00,-9999.00,-9999.00,-9999.00,-9999.00,-9999.00,-9999.00,-9999.00,-9999.00,-9999.00,-9999.00,-9999.00,-9999.00,-9999.00,-9999.00,-9999.00,-9999.00,-9999.00,-9999.00,-9999.00,-9999.00,-9999.00,-9999.00,-9999.00,-9999.00,-9999.00,-9999.00,-9999.00,-9999.00,-9999.00,-9999.00,-9999.00,-9999.00,-9999.00,-9999.00,-9999.00,-9999.00,-9999.00,-9999.00,-9999.00,-9999.00,-9999.00,-9999.00,-9999.00,-9999.00,-9999.00,-9999.00,-9999.00,-9999.00,-9999.00,-9999.00,-9999.00,-9999.00,-9999.00,-9999.00,-9999.00,-9999.00,-9999.00,-9999.00,-9999.00,-9999.00,-9999.00,-9999.00,-9999.00,-9999.00,-9999.00,-9999.00,-9999.00,-9999.00,-9999.00,-9999.00,-9999.00,-9999.00,-9999.00,-9999.00,-9999.00,-9999.00,-9999.00,-9999.00,-9999.00,-9999.00,-9999.00,-9999.00,-9999.00,-9999.00,-9999.00,-9999.00,-9999.00,-9999.00,-9999.00,-9999.00,-9999.00,-9999.00,-9999.00,-9999.00,-9999.00,-9999.00,-9999.00,-9999.00,-9999.00,-9999.00,-9999.00,-9999.00,-9999.00,-9999.00,-9999.00,-9999.00,-9999.00,-9999.00,-9999.00,-9999.00,-9999.00,-9999.00,-9999.00,-9999.00,-9999.00,-9999.00,-9999.00,-9999.00,-9999.00,-9999.00,-9999.00,-9999.00,-9999.00,-9999.00,-9999.00,-9999.00,-9999.00,-9999.00,-9999.00,-9999.00,-9999.00,-9999.00,-9999.00,-9999.00,-9999.00,-9999.00,-9999.00,-9999.00,-9999.00,-9999.00,
1995,-9999.00,-9999.00,-9999.00,-9999.00,-9999.00,-9999.00,-9999.00,-9999.00,-9999.00,-9999.00,-9999.00,-9999.00,-9999.00,-9999.00,-9999.00,-9999.00,-9999.00,-9999.00,-9999.00,-9999.00,-9999.00,-9999.00,-9999.00,-9999.00,-9999.00,-9999.00,-9999.00,-9999.00,-9999.00,-9999.00,-9999.00,-9999.00,-9999.00,-9999.00,-9999.00,-9999.00,-9999.00,-9999.00,-9999.00,-9999.00,-9999.00,-9999.00,-9999.00,-9999.00,-9999.00,-9999.00,-9999.00,-9999.00,-9999.00,-9999.00,-9999.00,-9999.00,-9999.00,-9999.00,-9999.00,-9999.00,-9999.00,-9999.00,-9999.00,-9999.00,-9999.00,-9999.00,-9999.00,-9999.00,-9999.00,-9999.00,-9999.00,-9999.00,-9999.00,-9999.00,-9999.00,-9999.00,-9999.00,-9999.00,-9999.00,-9999.00,-9999.00,-9999.00,-9999.00,-9999.00,-9999.00,-9999.00,-9999.00,-9999.00,-9999.00,-9999.00,-9999.00,-9999.00,-9999.00,-9999.00,-9999.00,-9999.00,-9999.00,-9999.00,-9999.00,-9999.00,-9999.00,-9999.00,-9999.00,-9999.00,-9999.00,-9999.00,-9999.00,-9999.00,-9999.00,-9999.00,-9999.00,-9999.00,-9999.00,-9999.00,-9999.00,-9999.00,-9999.00,-9999.00,-9999.00,-9999.00,-9999.00,-9999.00,-9999.00,-9999.00,-9999.00,-9999.00,-9999.00,-9999.00,-9999.00,-9999.00,-9999.00,-9999.00,-9999.00,-9999.00,-9999.00,-9999.00,-9999.00,-9999.00,-9999.00,-9999.00,-9999.00,-9999.00,-9999.00,-9999.00,-9999.00,-9999.00,-9999.00,-9999.00,-9999.00,-9999.00,-9999.00,-9999.00,-9999.00,-9999.00,-9999.00,-9999.00,-9999.00,-9999.00,-9999.00,-9999.00,-9999.00,-9999.00,-9999.00,-9999.00,-9999.00,-9999.00,-9999.00,-9999.00,-9999.00,-9999.00,-9999.00,-9999.00,-9999.00,-9999.00,-9999.00,-9999.00,-9999.00,-9999.00,-9999.00,-9999.00,-9999.00,-9999.00,-9999.00,-9999.00,-9999.00,-9999.00,-9999.00,-9999.00,-9999.00,-9999.00,-9999.00,-9999.00,-9999.00,-9999.00,-9999.00,-9999.00,-9999.00,-9999.00,-9999.00,-9999.00,-9999.00,-9999.00,-9999.00,-9999.00,-9999.00,-9999.00,-9999.00,-9999.00,-9999.00,-9999.00,-9999.00,-9999.00,-9999.00,-9999.00,-9999.00,-9999.00,-9999.00,-9999.00,-9999.00,-9999.00,-9999.00,-9999.00,-9999.00,-9999.00,-9999.00,-9999.00,-9999.00,-9999.00,-9999.00,-9999.00,-9999.00,-9999.00,-9999.00,-9999.00,-9999.00,-9999.00,-9999.00,-9999.00,-9999.00,-9999.00,-9999.00,-9999.00,-9999.00,-9999.00,-9999.00,-9999.00,-9999.00,-9999.00,-9999.00,-9999.00,-9999.00,-9999.00,-9999.00,-9999.00,-9999.00,-9999.00,-9999.00,-9999.00,-9999.00,-9999.00,-9999.00,-9999.00,-9999.00,-9999.00,-9999.00,-9999.00,-9999.00,-9999.00,-9999.00,-9999.00,-9999.00,-9999.00,-9999.00,-9999.00,-9999.00,-9999.00,-9999.00,-9999.00,-9999.00,-9999.00,-9999.00,-9999.00,-9999.00,-9999.00,-9999.00,-9999.00,-9999.00,-9999.00,-9999.00,-9999.00,-9999.00,-9999.00,-9999.00,-9999.00,-9999.00,-9999.00,-9999.00,-9999.00,-9999.00,-9999.00,-9999.00,-9999.00,-9999.00,-9999.00,-9999.00,-9999.00,-9999.00,-9999.00,-9999.00,-9999.00,-9999.00,-9999.00,-9999.00,-9999.00,-9999.00,-9999.00,-9999.00,-9999.00,-9999.00,-9999.00,-9999.00,-9999.00,-9999.00,-9999.00,-9999.00,-9999.00,-9999.00,-9999.00,-9999.00,-9999.00,-9999.00,-9999.00,-9999.00,-9999.00,-9999.00,-9999.00,-9999.00,-9999.00,-9999.00,-9999.00,-9999.00,-9999.00,-9999.00,-9999.00,-9999.00,-9999.00,-9999.00,-9999.00,-9999.00,-9999.00,-9999.00,-9999.00,-9999.00,-9999.00,-9999.00,-9999.00,-9999.00,-9999.00,-9999.00,-9999.00,-9999.00,-9999.00,-9999.00,-9999.00,-9999.00,-9999.00,-9999.00,-9999.00,-9999.00,-9999.00,
1996,-9999.00,-9999.00,-9999.00,-9999.00,-9999.00,-9999.00,-9999.00,-9999.00,-9999.00,-9999.00,-9999.00,-9999.00,-9999.00,-9999.00,-9999.00,-9999.00,-9999.00,-9999.00,-9999.00,-9999.00,-9999.00,-9999.00,-9999.00,-9999.00,-9999.00,-9999.00,-9999.00,-9999.00,-9999.00,-9999.00,-9999.00,-9999.00,-9999.00,-9999.00,-9999.00,-9999.00,-9999.00,-9999.00,-9999.00,-9999.00,-9999.00,-9999.00,-9999.00,-9999.00,-9999.00,-9999.00,-9999.00,-9999.00,-9999.00,-9999.00,-9999.00,-9999.00,-9999.00,-9999.00,-9999.00,-9999.00,-9999.00,-9999.00,-9999.00,-9999.00,-9999.00,-9999.00,-9999.00,-9999.00,-9999.00,-9999.00,-9999.00,-9999.00,-9999.00,-9999.00,-9999.00,-9999.00,-9999.00,-9999.00,-9999.00,-9999.00,-9999.00,-9999.00,-9999.00,-9999.00,2219.40,2258.10,2273.40,2001.60,2281.50,2416.50,2067.30,1899.90,2444.40,2175.30,2293.20,2223.95,2356.00,2204.95,1636.85,2595.18,1845.85,2698.00,2474.75,2226.80,2386.40,2335.10,1818.30,2438.65,-9999.00,2451.95,2344.60,2051.05,2298.05,2485.20,1949.40,1415.50,1590.30,1997.85,2071.95,2413.95,-9999.00,1838.25,2628.65,2324.65,-9999.00,2378.50,1381.30,2427.25,2487.10,2203.05,2036.80,2164.10,-9999.00,1093.45,2441.50,-9999.00,1619.75,1537.10,2420.60,-9999.00,2296.15,1103.90,1414.55,1582.70,2002.60,1025.05,-9999.00,2457.65,2352.20,2332.25,2586.85,1978.85,-9999.00,1763.20,2387.35,1522.85,1222.65,1261.60,1407.70,1823.30,2404.45,-9999.00,1575.10,1189.40,2218.25,2103.30,2159.35,2102.35,-9999.00,1571.30,1834.45,1329.05,1296.75,1842.05,1384.15,1596.00,2662.85,2330.35,2424.40,1774.60,-9999.00,-9999.00,1619.75,2538.40,2327.50,2306.60,-9999.00,1413.72,-9999.00,-9999.00,1692.90,-9999.00,2224.53,2094.84,2110.68,2235.42,1390.95,1344.42,1408.77,2457.18,1979.01,2881.89,1898.82,1431.54,1913.67,2181.96,1324.62,-9999.00,1510.74,1462.23,-9999.00,1165.23,-9999.00,1577.07,1762.20,1924.56,1745.37,2206.20,1960.92,1660.82,-9999.00,1413.33,1237.64,1978.04,2258.39,2405.93,2205.97,1839.76,1828.42,1810.41,1946.78,1598.86,2668.68,2396.67,2131.54,1200.25,1563.47,1387.99,1852.78,1677.69,1133.68,1102.35,-9999.00,942.40,1513.35,1691.00,1846.80,1674.85,1848.00,-9999.00,1440.00,1300.00,2504.00,1804.00,1502.00,1710.00,1220.00,-9999.00,2121.00,1695.00,-9999.00,-9999.00,1315.00,2039.00,1937.00,-9999.00,1344.00,-9999.00,-9999.00,-9999.00,-9999.00,-9999.00,2130.00,-9999.00,-9999.00,-9999.00,1369.00,-9999.00,1119.10,-9999.00,-9999.00,1302.45,1388.90,1487.70,-9999.00,2115.65,1595.40,1626.40,2229.65,2390.20,1354.70,2280.00,2407.30,2337.95,1609.30,1280.40,1660.60,2122.30,2112.80,2041.55,-9999.00,-9999.00,-9999.00,1288.20,1889.55,1914.25,1764.15,1566.55,1241.65,-9999.00,1307.00,1435.00,-9999.00,1562.00,1069.00,1500.00,1745.00,1415.00,1970.00,1282.00,2036.00,1307.00,1454.00,2327.00,2269.00,1349.00,-9999.00,1702.00,1281.00,1951.00,1905.00,1976.00,1295.00,1759.00,1879.00,1816.00,1986.00,-9999.00,1835.00,1480.78,1244.17,1497.27,1722.71,1873.93,1341.94,1710.24,1780.57,1437.74,1192.24,1632.34,1360.14,1896.68,1520.74,1581.81,1070.37,1101.44,1971.30,1547.44,1775.44,1428.50,1777.00,1449.07,2050.27,1410.40,1882.27,1583.22,1447.57,1378.67,1657.40,1527.47,
1997,-9999.00,-9999.00,-9999.00,-9999.00,-9999.00,-9999.00,-9999.00,-9999.00,-9999.00,-9999.00,-9999.00,-9999.00,-9999.00,-9999.00,-9999.00,-9999.00,-9999.00,-9999.00,-9999.00,-9999.00,-9999.00,-9999.00,-9999.00,-9999.00,-9999.00,-9999.00,-9999.00,-9999.00,-9999.00,-9999.00,-9999.00,-9999.00,-9999.00,-9999.00,-9999.00,-9999.00,-9999.00,-9999.00,-9999.00,-9999.00,-9999.00,-9999.00,-9999.00,-9999.00,-9999.00,-9999.00,-9999.00,-9999.00,-9999.00,-9999.00,-9999.00,-9999.00,-9999.00,-9999.00,-9999.00,-9999.00,-9999.00,-9999.00,-9999.00,-9999.00,-9999.00,-9999.00,-9999.00,-9999.00,-9999.00,-9999.00,-9999.00,-9999.00,-9999.00,-9999.00,-9999.00,-9999.00,-9999.00,-9999.00,-9999.00,-9999.00,-9999.00,-9999.00,-9999.00,-9999.00,-9999.00,-9999.00,-9999.00,-9999.00,-9999.00,-9999.00,-9999.00,-9999.00,-9999.00,-9999.00,-9999.00,-9999.00,-9999.00,-9999.00,-9999.00,-9999.00,-9999.00,-9999.00,-9999.00,-9999.00,-9999.00,-9999.00,-9999.00,-9999.00,-9999.00,-9999.00,-9999.00,-9999.00,-9999.00,-9999.00,-9999.00,-9999.00,-9999.00,-9999.00,-9999.00,-9999.00,-9999.00,-9999.00,-9999.00,-9999.00,-9999.00,-9999.00,-9999.00,-9999.00,-9999.00,-9999.00,-9999.00,-9999.00,-9999.00,-9999.00,-9999.00,-9999.00,-9999.00,-9999.00,-9999.00,-9999.00,-9999.00,-9999.00,-9999.00,-9999.00,-9999.00,-9999.00,-9999.00,-9999.00,-9999.00,-9999.00,-9999.00,-9999.00,-9999.00,-9999.00,-9999.00,-9999.00,-9999.00,-9999.00,-9999.00,-9999.00,-9999.00,-9999.00,-9999.00,-9999.00,-9999.00,-9999.00,-9999.00,-9999.00,-9999.00,-9999.00,-9999.00,-9999.00,-9999.00,-9999.00,-9999.00,-9999.00,-9999.00,-9999.00,-9999.00,-9999.00,-9999.00,-9999.00,-9999.00,-9999.00,-9999.00,-9999.00,-9999.00,-9999.00,-9999.00,-9999.00,-9999.00,-9999.00,-9999.00,-9999.00,-9999.00,-9999.00,-9999.00,-9999.00,-9999.00,-9999.00,-9999.00,-9999.00,-9999.00,-9999.00,-9999.00,-9999.00,-9999.00,-9999.00,-9999.00,-9999.00,-9999.00,-9999.00,-9999.00,-9999.00,-9999.00,-9999.00,-9999.00,-9999.00,-9999.00,-9999.00,-9999.00,-9999.00,-9999.00,-9999.00,-9999.00,-9999.00,-9999.00,-9999.00,-9999.00,-9999.00,-9999.00,-9999.00,-9999.00,-9999.00,-9999.00,-9999.00,-9999.00,-9999.00,-9999.00,-9999.00,-9999.00,-9999.00,-9999.00,-9999.00,-9999.00,-9999.00,-9999.00,-9999.00,-9999.00,-9999.00,-9999.00,-9999.00,-9999.00,-9999.00,-9999.00,-9999.00,-9999.00,-9999.00,-9999.00,-9999.00,-9999.00,-9999.00,-9999.00,-9999.00,-9999.00,-9999.00,-9999.00,-9999.00,-9999.00,-9999.00,-9999.00,-9999.00,-9999.00,-9999.00,-9999.00,-9999.00,-9999.00,-9999.00,-9999.00,-9999.00,-9999.00,-9999.00,-9999.00,-9999.00,-9999.00,-9999.00,-9999.00,-9999.00,-9999.00,-9999.00,-9999.00,-9999.00,-9999.00,-9999.00,-9999.00,-9999.00,-9999.00,-9999.00,-9999.00,-9999.00,-9999.00,-9999.00,-9999.00,-9999.00,-9999.00,-9999.00,-9999.00,-9999.00,-9999.00,-9999.00,-9999.00,-9999.00,-9999.00,-9999.00,-9999.00,-9999.00,-9999.00,-9999.00,-9999.00,-9999.00,-9999.00,-9999.00,-9999.00,-9999.00,-9999.00,-9999.00,-9999.00,-9999.00,-9999.00,-9999.00,-9999.00,-9999.00,-9999.00,-9999.00,-9999.00,-9999.00,-9999.00,-9999.00,-9999.00,-9999.00,-9999.00,-9999.00,-9999.00,-9999.00,-9999.00,-9999.00,-9999.00,-9999.00,-9999.00,-9999.00,-9999.00,-9999.00,-9999.00,-9999.00,-9999.00,-9999.00,-9999.00,-9999.00,-9999.00,-9999.00,-9999.00,-9999.00,-9999.00,-9999.00,-9999.00,-9999.00,-9999.00,-9999.00,-9999.00,-9999.00,
1998,-9999.00,-9999.00,-9999.00,-9999.00,-9999.00,-9999.00,-9999.00,-9999.00,-9999.00,-9999.00,-9999.00,-9999.00,-9999.00,-9999.00,-9999.00,-9999.00,-9999.00,-9999.00,-9999.00,-9999.00,-9999.00,-9999.00,-9999.00,-9999.00,-9999.00,-9999.00,-9999.00,-9999.00,-9999.00,-9999.00,-9999.00,-9999.00,-9999.00,-9999.00,-9999.00,-9999.00,-9999.00,-9999.00,-9999.00,-9999.00,-9999.00,-9999.00,-9999.00,-9999.00,-9999.00,-9999.00,-9999.00,-9999.00,-9999.00,-9999.00,-9999.00,-9999.00,-9999.00,-9999.00,-9999.00,-9999.00,-9999.00,-9999.00,-9999.00,-9999.00,-9999.00,-9999.00,-9999.00,-9999.00,-9999.00,-9999.00,-9999.00,-9999.00,-9999.00,-9999.00,-9999.00,-9999.00,-9999.00,-9999.00,-9999.00,-9999.00,-9999.00,-9999.00,-9999.00,-9999.00,-9999.00,-9999.00,-9999.00,-9999.00,-9999.00,-9999.00,-9999.00,-9999.00,-9999.00,-9999.00,-9999.00,-9999.00,-9999.00,-9999.00,-9999.00,-9999.00,-9999.00,-9999.00,-9999.00,-9999.00,-9999.00,-9999.00,-9999.00,-9999.00,-9999.00,-9999.00,-9999.00,-9999.00,-9999.00,-9999.00,-9999.00,-9999.00,-9999.00,-9999.00,-9999.00,-9999.00,-9999.00,-9999.00,-9999.00,-9999.00,-9999.00,-9999.00,-9999.00,-9999.00,-9999.00,-9999.00,-9999.00,-9999.00,-9999.00,-9999.00,-9999.00,-9999.00,-9999.00,-9999.00,-9999.00,-9999.00,-9999.00,-9999.00,-9999.00,-9999.00,-9999.00,-9999.00,-9999.00,-9999.00,-9999.00,-9999.00,-9999.00,-9999.00,-9999.00,-9999.00,-9999.00,-9999.00,-9999.00,-9999.00,-9999.00,-9999.00,-9999.00,-9999.00,-9999.00,-9999.00,-9999.00,-9999.00,-9999.00,-9999.00,-9999.00,-9999.00,-9999.00,-9999.00,-9999.00,-9999.00,-9999.00,-9999.00,-9999.00,-9999.00,-9999.00,-9999.00,-9999.00,-9999.00,-9999.00,-9999.00,-9999.00,-9999.00,-9999.00,-9999.00,-9999.00,-9999.00,-9999.00,-9999.00,-9999.00,-9999.00,-9999.00,-9999.00,-9999.00,-9999.00,-9999.00,-9999.00,-9999.00,-9999.00,-9999.00,-9999.00,-9999.00,-9999.00,-9999.00,-9999.00,-9999.00,-9999.00,-9999.00,-9999.00,-9999.00,-9999.00,-9999.00,-9999.00,-9999.00,-9999.00,-9999.00,-9999.00,-9999.00,-9999.00,-9999.00,-9999.00,-9999.00,-9999.00,-9999.00,-9999.00,-9999.00,-9999.00,-9999.00,-9999.00,-9999.00,-9999.00,-9999.00,-9999.00,-9999.00,-9999.00,-9999.00,-9999.00,-9999.00,-9999.00,-9999.00,-9999.00,-9999.00,-9999.00,-9999.00,-9999.00,-9999.00,-9999.00,-9999.00,-9999.00,-9999.00,-9999.00,-9999.00,-9999.00,-9999.00,-9999.00,-9999.00,-9999.00,-9999.00,-9999.00,-9999.00,-9999.00,-9999.00,-9999.00,-9999.00,-9999.00,-9999.00,-9999.00,-9999.00,-9999.00,-9999.00,-9999.00,-9999.00,-9999.00,-9999.00,-9999.00,1505.00,1180.00,1427.00,2036.00,1903.00,1699.00,1477.00,1610.00,800.00,1469.00,1610.00,1217.00,1494.00,1968.00,1351.00,1664.00,2190.00,1213.00,1256.00,2153.00,1467.00,971.00,1831.00,1946.00,1900.00,1456.00,1919.00,2015.00,1695.00,1263.00,1834.00,1946.00,1556.00,1761.00,1433.00,1891.00,1273.00,1534.00,1665.00,1469.00,2007.00,-9999.00,1814.00,1602.00,1669.00,1730.00,1270.00,1902.00,1705.00,1539.00,1182.00,1084.00,778.00,826.00,1748.00,1850.00,1702.00,636.00,804.00,1346.00,955.00,1146.00,1577.00,1409.00,1862.00,1866.00,1454.00,1816.00,1770.00,1483.00,1664.00,777.00,1093.00,1542.00,1659.00,853.00,1104.00,1254.00,1423.00,1037.00,1169.00,1628.00,1527.00,1669.00,1656.00,1733.00,1657.00,1805.00,1849.00,1808.00,1741.00,1518.00,
1999,1562.00,1841.00,1795.00,1688.00,1654.00,1599.00,1944.00,1526.00,1655.00,1771.00,1776.00,1609.00,997.00,1142.00,1379.00,1849.00,1938.00,1868.00,1647.00,1907.00,1794.00,1779.00,1735.00,1737.00,1597.00,1538.00,1516.00,1109.00,1304.00,643.00,1555.00,1895.00,1702.00,448.00,1844.00,1968.00,1952.00,1552.00,2032.00,2037.00,1845.00,1860.00,598.00,1862.00,1795.00,1757.00,1941.00,1936.00,1985.00,1713.00,1833.00,1989.00,1872.00,1563.00,1841.00,1842.00,1969.00,2062.00,1568.00,-9999.00,1696.00,1659.00,1663.00,1800.00,1847.00,1836.00,2272.00,2418.00,2510.00,2545.00,2376.00,2272.00,-9999.00,-9999.00,-9999.00,-9999.00,-9999.00,-9999.00,-9999.00,-9999.00,-9999.00,-9999.00,-9999.00,-9999.00,-9999.00,-9999.00,-9999.00,-9999.00,-9999.00,-9999.00,-9999.00,2436.00,2426.00,2241.00,2269.00,1156.00,982.00,1954.00,1207.00,1934.00,2361.00,1580.00,1928.00,1673.00,1615.00,1564.00,1571.00,2297.00,2489.00,2090.00,1693.00,1548.00,1560.00,1291.00,1878.00,2153.00,2331.00,968.00,1672.00,1165.00,1251.00,593.00,903.00,1190.00,1657.00,1290.00,2266.00,1964.00,1862.00,2179.00,1217.00,1523.00,1611.00,847.00,2080.00,1867.00,1794.00,871.00,2118.00,1444.00,1136.00,1089.00,1884.00,1766.00,1828.00,1773.00,1528.00,1800.00,1616.00,1594.00,1227.00,2128.00,1844.00,1833.00,1708.00,1393.00,1693.00,1932.00,1316.00,1205.00,1273.00,1131.00,1320.00,1913.00,1751.00,2130.00,1301.00,2045.00,1054.00,1618.00,1383.00,1789.00,1454.00,2292.00,1989.00,1493.00,1682.00,1948.00,1365.00,1457.00,2073.00,2171.00,2038.00,2352.00,2171.00,1736.00,1695.00,1505.00,2221.00,2379.00,2125.00,1962.00,1854.00,1854.00,1360.00,1524.00,1420.00,1824.00,2348.00,-9999.00,2099.00,2249.00,2127.00,2028.00,2121.00,1337.00,1062.00,1401.00,1695.00,1759.00,1091.00,1177.00,1466.00,1403.00,1078.00,1564.00,1328.00,1417.00,553.00,1669.00,2146.00,2137.00,1966.00,1271.00,1227.00,1991.00,2053.00,2059.00,2258.00,1847.00,2234.00,2014.00,1090.00,2034.00,2083.00,1416.00,1562.00,1336.00,1886.00,1368.00,1489.00,1480.00,1659.00,1799.00,1643.00,1986.00,2064.00,2241.00,1831.00,1209.00,686.00,1818.00,2155.00,1684.00,1575.00,1189.00,2005.00,1947.00,2064.00,2052.00,1666.00,2166.00,2064.00,2072.00,1365.00,1144.00,1224.00,1481.00,1495.00,1790.00,1082.00,1607.00,1899.00,1883.00,1008.00,1806.00,1120.00,1955.00,1887.00,1835.00,-9999.00,1798.00,989.00,1976.00,2006.00,2056.00,1469.00,1539.00,1752.00,1212.00,1610.00,2051.00,1689.00,1449.00,1863.00,1715.00,1701.00,862.00,231.00,840.00,1804.00,1967.00,1480.00,933.00,1056.00,1150.00,579.00,918.00,1001.00,1173.00,1578.00,949.00,1180.00,1468.00,1463.00,1778.00,1124.00,800.00,1654.00,1906.00,2051.00,1555.00,1967.00,-9999.00,1918.00,1842.00,1907.00,1037.00,1852.00,1569.00,1776.00,1987.00,2011.00,1825.00,1900.00,1908.00,1859.00,1159.00,964.00,1088.00,877.00,1277.00,1748.00,1887.00,1653.00,1107.00,1394.00,1154.00,1096.00,-9999.00,-9999.00,1618.00,1938.00,1813.00,1689.00,1810.00,1715.00,1836.00,1943.00,-9999.00,-9999.00,-9999.00,1715.00,1702.00,1660.00,1809.00,
2000,1915.00,1887.00,1756.00,1855.00,1719.00,1741.00,1455.00,1434.00,1466.00,1635.00,1606.00,1559.00,1484.00,1704.00,1526.00,1621.00,1140.00,1583.00,1259.00,1709.00,1841.00,1857.00,1851.00,1696.00,1325.00,1910.00,1844.00,1835.00,1828.00,1597.00,1976.00,2001.00,2009.00,1950.00,1987.00,1927.00,2020.00,1717.00,2022.00,1937.00,1767.00,1802.00,1778.00,1698.00,1664.00,1369.00,1629.00,1395.00,1717.00,1734.00,1613.00,2059.00,2018.00,2106.00,1851.00,1770.00,1480.00,1941.00,2004.00,1090.00,-9999.00,-9999.00,-9999.00,-9999.00,-9999.00,2057.00,2232.00,2079.00,2233.00,2193.00,2280.00,2438.00,2362.00,2126.00,2439.00,2481.00,2473.00,2249.00,2175.00,2114.00,2135.00,2036.00,1924.00,611.00,1885.00,1501.00,1519.00,1848.00,1070.00,1843.00,1883.00,2352.00,2203.00,2148.00,2083.00,1951.00,1584.00,2058.00,1579.00,2077.00,852.00,1750.00,1208.00,1449.00,489.00,876.00,1762.00,1581.00,1347.00,1559.00,916.00,2253.00,1051.00,1683.00,2109.00,1837.00,2323.00,2168.00,1788.00,2017.00,1836.00,2559.00,1955.00,2355.00,1679.00,2274.00,1760.00,2029.00,1988.00,2265.00,2371.00,2285.00,1662.00,1721.00,1744.00,1662.00,1798.00,1641.00,1681.00,1939.00,1538.00,840.00,2023.00,1028.00,1238.00,2091.00,2133.00,-9999.00,-9999.00,-9999.00,2008.00,995.00,1787.00,1549.00,1271.00,881.00,1055.00,1483.00,2200.00,1537.00,1508.00,1973.00,-9999.00,1797.00,1535.00,1826.00,2024.00,1292.00,1335.00,1467.00,1518.00,1763.00,1965.00,-9999.00,-9999.00,-9999.00,-9999.00,-9999.00,-9999.00,1613.00,2361.00,1190.00,2173.00,929.00,1551.00,1906.00,1429.00,1381.00,1281.00,1643.00,1640.00,1471.00,1057.00,832.00,1491.00,1602.00,1428.00,1145.00,1248.00,1693.00,1631.00,1709.00,1842.00,2081.00,1726.00,1903.00,1511.00,2100.00,2164.00,1955.00,2291.00,2423.00,2451.00,-9999.00,-9999.00,-9999.00,-9999.00,-9999.00,-9999.00,-9999.00,-9999.00,-9999.00,1655.00,2334.00,2340.00,-9999.00,2314.00,2082.00,2042.00,1911.00,1919.00,1767.00,2086.00,1880.00,1167.00,1123.00,653.00,1277.00,-9999.00,1491.00,1459.00,1459.00,1627.00,1117.00,1073.00,1275.00,1142.00,1388.00,1092.00,1268.00,1561.00,2214.00,1757.00,1923.00,1107.00,1564.00,1831.00,1750.00,1203.00,1903.00,2164.00,1278.00,1492.00,1148.00,1642.00,1570.00,2270.00,1702.00,1459.00,2164.00,1854.00,951.00,1724.00,1749.00,1404.00,1707.00,1810.00,1837.00,1208.00,1248.00,1219.00,1614.00,1834.00,1381.00,740.00,941.00,1136.00,1084.00,1087.00,1533.00,841.00,1443.00,928.00,1621.00,1956.00,1165.00,1197.00,1877.00,1858.00,1711.00,1530.00,1286.00,1469.00,1537.00,1095.00,2104.00,2120.00,2058.00,2080.00,2130.00,2010.00,2136.00,1975.00,1951.00,1972.00,1957.00,1954.00,1604.00,1792.00,1832.00,1757.00,1085.00,998.00,1590.00,1982.00,1289.00,1597.00,1461.00,1618.00,1454.00,813.00,1666.00,1713.00,1323.00,1614.00,1372.00,-9999.00,1809.00,1850.00,1818.00,1764.00,1752.00,1385.00,1248.00,1780.00,1602.00,1626.00,1870.00,1633.00,496.00,1771.00,1733.00,1574.00,1622.00,1525.00,1709.00,1775.00,1659.00,1715.00,1765.00,1508.00,1754.00,1172.00,1699.00,1539.00,1800.00,
2001,1938.00,1887.00,1756.00,1855.00,1719.00,1741.00,1455.00,1434.00,1466.00,-9999.00,1607.00,1559.00,1484.00,1704.00,1526.00,1621.00,1142.00,1583.00,1259.00,1709.00,1841.00,1857.00,1851.00,1696.00,1325.00,1910.00,1845.00,1837.00,1829.00,1597.00,1976.00,-9999.00,-9999.00,-9999.00,-9999.00,-9999.00,-9999.00,-9999.00,-9999.00,-9999.00,-9999.00,-9999.00,-9999.00,-9999.00,-9999.00,-9999.00,-9999.00,-9999.00,-9999.00,-9999.00,-9999.00,-9999.00,-9999.00,-9999.00,-9999.00,-9999.00,-9999.00,-9999.00,-9999.00,-9999.00,-9999.00,-9999.00,-9999.00,-9999.00,-9999.00,-9999.00,-9999.00,-9999.00,-9999.00,-9999.00,-9999.00,-9999.00,-9999.00,-9999.00,-9999.00,-9999.00,-9999.00,-9999.00,-9999.00,-9999.00,-9999.00,-9999.00,-9999.00,-9999.00,-9999.00,-9999.00,-9999.00,-9999.00,-9999.00,-9999.00,-9999.00,-9999.00,-9999.00,-9999.00,-9999.00,-9999.00,-9999.00,-9999.00,-9999.00,-9999.00,-9999.00,-9999.00,-9999.00,-9999.00,-9999.00,-9999.00,-9999.00,-9999.00,-9999.00,-9999.00,-9999.00,-9999.00,-9999.00,-9999.00,-9999.00,-9999.00,-9999.00,-9999.00,-9999.00,-9999.00,-9999.00,-9999.00,-9999.00,-9999.00,-9999.00,-9999.00,-9999.00,-9999.00,-9999.00,-9999.00,-9999.00,-9999.00,-9999.00,-9999.00,-9999.00,-9999.00,-9999.00,-9999.00,-9999.00,-9999.00,-9999.00,-9999.00,-9999.00,-9999.00,-9999.00,-9999.00,-9999.00,-9999.00,-9999.00,-9999.00,-9999.00,-9999.00,-9999.00,-9999.00,-9999.00,-9999.00,-9999.00,-9999.00,-9999.00,-9999.00,-9999.00,-9999.00,-9999.00,-9999.00,-9999.00,-9999.00,-9999.00,-9999.00,-9999.00,-9999.00,-9999.00,-9999.00,-9999.00,-9999.00,-9999.00,-9999.00,-9999.00,-9999.00,-9999.00,-9999.00,-9999.00,-9999.00,-9999.00,-9999.00,-9999.00,-9999.00,-9999.00,-9999.00,-9999.00,-9999.00,-9999.00,-9999.00,-9999.00,-9999.00,-9999.00,-9999.00,-9999.00,-9999.00,-9999.00,-9999.00,-9999.00,-9999.00,-9999.00,-9999.00,-9999.00,-9999.00,-9999.00,-9999.00,-9999.00,-9999.00,-9999.00,-9999.00,-9999.00,-9999.00,-9999.00,-9999.00,-9999.00,-9999.00,-9999.00,-9999.00,-9999.00,-9999.00,-9999.00,-9999.00,-9999.00,-9999.00,-9999.00,-9999.00,-9999.00,-9999.00,-9999.00,-9999.00,-9999.00,-9999.00,-9999.00,-9999.00,-9999.00,-9999.00,-9999.00,-9999.00,-9999.00,-9999.00,-9999.00,-9999.00,-9999.00,-9999.00,-9999.00,-9999.00,-9999.00,-9999.00,-9999.00,-9999.00,-9999.00,-9999.00,-9999.00,-9999.00,-9999.00,-9999.00,-9999.00,-9999.00,-9999.00,-9999.00,-9999.00,-9999.00,-9999.00,-9999.00,-9999.00,-9999.00,-9999.00,-9999.00,-9999.00,-9999.00,-9999.00,-9999.00,-9999.00,-9999.00,-9999.00,-9999.00,-9999.00,-9999.00,-9999.00,-9999.00,-9999.00,-9999.00,-9999.00,-9999.00,-9999.00,-9999.00,-9999.00,-9999.00,-9999.00,-9999.00,-9999.00,-9999.00,-9999.00,-9999.00,-9999.00,-9999.00,-9999.00,-9999.00,-9999.00,-9999.00,-9999.00,-9999.00,-9999.00,-9999.00,-9999.00,-9999.00,-9999.00,-9999.00,-9999.00,-9999.00,-9999.00,-9999.00,-9999.00,-9999.00,-9999.00,-9999.00,-9999.00,-9999.00,-9999.00,-9999.00,-9999.00,-9999.00,-9999.00,-9999.00,-9999.00,-9999.00,-9999.00,-9999.00,-9999.00,-9999.00,-9999.00,-9999.00,-9999.00,-9999.00,-9999.00,-9999.00,-9999.00,-9999.00,-9999.00,-9999.00,-9999.00,-9999.00,-9999.00,-9999.00,-9999.00,-9999.00,-9999.00,-9999.00,-9999.00,-9999.00,-9999.00,-9999.00,-9999.00,-9999.00,-9999.00,-9999.00,-9999.00,-9999.00,-9999.00,-9999.00,-9999.00,-9999.00,-9999.00,-9999.00,
2002,-9999.00,-9999.00,-9999.00,-9999.00,-9999.00,-9999.00,-9999.00,-9999.00,-9999.00,-9999.00,-9999.00,-9999.00,-9999.00,-9999.00,-9999.00,-9999.00,-9999.00,-9999.00,-9999.00,-9999.00,-9999.00,-9999.00,-9999.00,-9999.00,-9999.00,-9999.00,-9999.00,-9999.00,-9999.00,-9999.00,-9999.00,-9999.00,-9999.00,-9999.00,-9999.00,-9999.00,-9999.00,-9999.00,-9999.00,-9999.00,-9999.00,-9999.00,-9999.00,-9999.00,-9999.00,-9999.00,-9999.00,-9999.00,-9999.00,-9999.00,-9999.00,-9999.00,-9999.00,-9999.00,-9999.00,-9999.00,-9999.00,-9999.00,-9999.00,-9999.00,-9999.00,-9999.00,-9999.00,-9999.00,-9999.00,-9999.00,-9999.00,-9999.00,-9999.00,-9999.00,-9999.00,-9999.00,-9999.00,-9999.00,-9999.00,-9999.00,-9999.00,-9999.00,-9999.00,-9999.00,-9999.00,-9999.00,-9999.00,-9999.00,-9999.00,-9999.00,-9999.00,-9999.00,-9999.00,-9999.00,-9999.00,-9999.00,-9999.00,-9999.00,-9999.00,-9999.00,-9999.00,-9999.00,-9999.00,-9999.00,-9999.00,-9999.00,-9999.00,-9999.00,-9999.00,-9999.00,-9999.00,-9999.00,-9999.00,-9999.00,-9999.00,-9999.00,-9999.00,-9999.00,-9999.00,-9999.00,-9999.00,-9999.00,-9999.00,-9999.00,-9999.00,-9999.00,-9999.00,-9999.00,-9999.00,-9999.00,-9999.00,-9999.00,-9999.00,-9999.00,-9999.00,-9999.00,-9999.00,-9999.00,-9999.00,-9999.00,-9999.00,-9999.00,-9999.00,-9999.00,-9999.00,-9999.00,-9999.00,-9999.00,-9999.00,-9999.00,-9999.00,-9999.00,-9999.00,-9999.00,-9999.00,-9999.00,-9999.00,-9999.00,-9999.00,-9999.00,-9999.00,-9999.00,-9999.00,-9999.00,-9999.00,-9999.00,-9999.00,-9999.00,-9999.00,-9999.00,-9999.00,-9999.00,-9999.00,-9999.00,-9999.00,-9999.00,-9999.00,-9999.00,-9999.00,-9999.00,-9999.00,-9999.00,-9999.00,-9999.00,-9999.00,-9999.00,-9999.00,-9999.00,-9999.00,-9999.00,-9999.00,-9999.00,-9999.00,-9999.00,-9999.00,-9999.00,-9999.00,-9999.00,-9999.00,-9999.00,-9999.00,-9999.00,-9999.00,-9999.00,-9999.00,-9999.00,-9999.00,-9999.00,-9999.00,-9999.00,-9999.00,-9999.00,-9999.00,-9999.00,-9999.00,-9999.00,-9999.00,-9999.00,-9999.00,-9999.00,-9999.00,-9999.00,-9999.00,-9999.00,-9999.00,-9999.00,-9999.00,-9999.00,-9999.00,-9999.00,-9999.00,-9999.00,-9999.00,-9999.00,-9999.00,-9999.00,-9999.00,-9999.00,-9999.00,-9999.00,-9999.00,-9999.00,-9999.00,-9999.00,-9999.00,-9999.00,-9999.00,-9999.00,-9999.00,-9999.00,-9999.00,-9999.00,-9999.00,-9999.00,-9999.00,-9999.00,-9999.00,-9999.00,-9999.00,-9999.00,-9999.00,-9999.00,-9999.00,-9999.00,-9999.00,-9999.00,-9999.00,-9999.00,-9999.00,-9999.00,-9999.00,-9999.00,-9999.00,-9999.00,-9999.00,-9999.00,-9999.00,-9999.00,-9999.00,-9999.00,-9999.00,-9999.00,-9999.00,-9999.00,-9999.00,-9999.00,-9999.00,-9999.00,-9999.00,-9999.00,-9999.00,-9999.00,-9999.00,-9999.00,-9999.00,-9999.00,-9999.00,-9999.00,-9999.00,-9999.00,-9999.00,-9999.00,-9999.00,-9999.00,-9999.00,-9999.00,-9999.00,-9999.00,-9999.00,-9999.00,-9999.00,-9999.00,-9999.00,-9999.00,-9999.00,-9999.00,-9999.00,-9999.00,-9999.00,-9999.00,-9999.00,-9999.00,-9999.00,-9999.00,-9999.00,-9999.00,-9999.00,-9999.00,-9999.00,-9999.00,-9999.00,-9999.00,-9999.00,-9999.00,-9999.00,-9999.00,-9999.00,-9999.00,-9999.00,-9999.00,-9999.00,-9999.00,-9999.00,-9999.00,-9999.00,-9999.00,-9999.00,-9999.00,-9999.00,-9999.00,-9999.00,-9999.00,-9999.00,-9999.00,-9999.00,-9999.00,-9999.00,-9999.00,-9999.00,-9999.00,-9999.00,-9999.00,-9999.00,-9999.00,-9999.00,-9999.00,-9999.00,-9999.00,-9999.00,-9999.00,
2003,1664.00,1802.00,1568.00,-9999.00,-9999.00,-9999.00,1725.00,1747.00,1806.00,1799.00,1951.00,1858.00,1406.00,1871.00,1830.00,1912.00,1909.00,1809.00,1906.00,1784.00,1670.00,1770.00,1808.00,2001.00,1867.00,-9999.00,-9999.00,-9999.00,-9999.00,-9999.00,-9999.00,1691.00,1769.00,2038.00,2085.00,2008.00,1913.00,1850.00,1829.00,1379.00,-9999.00,-9999.00,-9999.00,1398.00,1372.00,1793.00,1865.00,2069.00,1658.00,2055.00,2109.00,2221.00,1948.00,2018.00,1844.00,1279.00,551.00,1573.00,1786.00,-9999.00,753.00,2038.00,888.00,1841.00,2339.00,2194.00,2425.00,1825.00,1373.00,1924.00,1782.00,1518.00,1520.00,697.00,1946.00,1908.00,2405.00,2316.00,2319.00,2280.00,1772.00,1623.00,1034.00,1790.00,2029.00,643.00,1975.00,2066.00,1158.00,1250.00,1250.00,2225.00,2253.00,2319.00,2323.00,2640.00,2478.00,2566.00,2273.00,2221.00,2283.00,2373.00,2339.00,2323.00,2346.00,2157.00,2274.00,2276.00,2574.00,2225.00,2435.00,2439.00,2333.00,1764.00,1481.00,2378.00,2310.00,2531.00,1744.00,993.00,2389.00,1426.00,2043.00,1938.00,2384.00,2270.00,2197.00,2176.00,2005.00,1745.00,1506.00,2188.00,1440.00,1249.00,2072.00,2383.00,1783.00,2217.00,1866.00,1946.00,2114.00,2138.00,2305.00,2458.00,2017.00,1473.00,1850.00,2401.00,2152.00,2139.00,1788.00,-9999.00,1409.00,1458.00,909.00,1465.00,2406.00,2517.00,2523.00,507.00,2112.00,2343.00,2187.00,2334.00,1896.00,2105.00,1971.00,1778.00,1711.00,1390.00,1503.00,1173.00,1303.00,934.00,826.00,2348.00,2409.00,2385.00,2096.00,1787.00,1718.00,961.00,560.00,1968.00,1461.00,1491.00,1082.00,1441.00,1266.00,1773.00,1619.00,2350.00,1935.00,1771.00,1231.00,1285.00,1643.00,2299.00,2116.00,2461.00,2207.00,1659.00,1831.00,1326.00,1193.00,606.00,419.00,395.00,2026.00,2024.00,1911.00,1519.00,2039.00,1786.00,1863.00,1778.00,1318.00,1673.00,1283.00,1500.00,1744.00,1661.00,1809.00,1585.00,1621.00,1719.00,2203.00,2193.00,2009.00,722.00,1396.00,2047.00,1639.00,1750.00,1839.00,1462.00,1613.00,1920.00,1447.00,1868.00,2317.00,2584.00,1263.00,768.00,2033.00,1704.00,1425.00,2000.00,2023.00,1561.00,1460.00,1676.00,1871.00,1397.00,1179.00,1617.00,691.00,1161.00,1647.00,1405.00,1127.00,1458.00,1702.00,1702.00,708.00,2109.00,1102.00,1190.00,1751.00,1867.00,1205.00,1009.00,1088.00,850.00,-9999.00,1863.00,2004.00,1562.00,1619.00,1968.00,1400.00,1369.00,-9999.00,2022.00,2335.00,1191.00,1532.00,1749.00,1282.00,-9999.00,-9999.00,-9999.00,-9999.00,-9999.00,-9999.00,-9999.00,-9999.00,-9999.00,-9999.00,-9999.00,-9999.00,1932.00,2244.00,2167.00,2167.00,1884.00,1989.00,2127.00,-9999.00,1811.00,1880.00,1744.00,1866.00,2066.00,2046.00,2017.00,1651.00,-9999.00,-9999.00,1581.00,1708.00,1875.00,1711.00,985.00,1740.00,1259.00,2002.00,1990.00,1859.00,1566.00,1461.00,2068.00,1937.00,1950.00,1699.00,1968.00,1874.00,1916.00,1926.00,1822.00,1990.00,2031.00,1865.00,1778.00,1340.00,1239.00,1842.00,1869.00,1805.00,1847.00,1984.00,1860.00,1390.00,1151.00,1627.00,1814.00,1694.00,1807.00,1748.00,1717.00,1820.00,1745.00,1761.00,1782.00,1731.00,1756.00,
2004,1772.00,1871.00,1927.00,1853.00,1786.00,1833.00,1832.00,1807.00,1565.00,1427.00,1053.00,473.00,1347.00,1723.00,943.00,-9999.00,-9999.00,1902.00,1867.00,1870.00,1482.00,1076.00,1536.00,1834.00,1941.00,1958.00,1844.00,1723.00,1698.00,1158.00,1548.00,1840.00,1920.00,1836.00,1626.00,1805.00,1557.00,1372.00,298.00,1842.00,2134.00,2020.00,2179.00,2147.00,2097.00,2087.00,2042.00,1895.00,1841.00,1713.00,1447.00,1961.00,2003.00,2041.00,2189.00,2248.00,2271.00,2202.00,2401.00,2295.00,2225.00,2249.00,2167.00,2074.00,1840.00,1395.00,1459.00,2234.00,1766.00,1881.00,2119.00,1913.00,1945.00,2123.00,1997.00,2242.00,2445.00,1992.00,1420.00,1258.00,1426.00,2168.00,2106.00,2447.00,2292.00,2319.00,2376.00,2351.00,2155.00,2102.00,2058.00,2345.00,-9999.00,2356.00,2116.00,2316.00,2363.00,2274.00,1874.00,2406.00,2339.00,2325.00,2432.00,2286.00,2517.00,2603.00,2566.00,2537.00,2261.00,2234.00,2380.00,2366.00,2352.00,2396.00,2402.00,2239.00,2496.00,2346.00,536.00,2003.00,2423.00,2087.00,1488.00,1245.00,1674.00,676.00,1335.00,1643.00,1908.00,1902.00,1845.00,1926.00,2004.00,1793.00,1793.00,2077.00,2348.00,1237.00,2293.00,2383.00,1119.00,275.00,665.00,2513.00,2438.00,2216.00,1837.00,2158.00,2339.00,1895.00,2361.00,1956.00,2059.00,2147.00,2347.00,1677.00,1760.00,1025.00,689.00,1741.00,1215.00,969.00,1509.00,1110.00,1757.00,994.00,1093.00,1674.00,1098.00,-9999.00,-9999.00,1408.00,2239.00,2181.00,1250.00,1979.00,1715.00,2195.00,1740.00,1281.00,2339.00,2163.00,1927.00,1934.00,2280.00,2287.00,2191.00,2215.00,1671.00,1908.00,2344.00,2013.00,1752.00,1368.00,1715.00,1911.00,1879.00,2408.00,2337.00,2014.00,2136.00,2190.00,1633.00,1496.00,1821.00,1781.00,1400.00,1572.00,1338.00,1477.00,1895.00,2078.00,1531.00,1835.00,1411.00,1300.00,936.00,1938.00,1653.00,1887.00,1868.00,1237.00,1490.00,703.00,1627.00,1874.00,1832.00,1382.00,1892.00,1771.00,2028.00,692.00,1429.00,2186.00,1618.00,2253.00,2144.00,2191.00,1966.00,666.00,2094.00,1438.00,1604.00,1590.00,2206.00,802.00,557.00,1190.00,1346.00,2242.00,1624.00,1602.00,1491.00,1204.00,1560.00,1469.00,1071.00,1059.00,1783.00,1762.00,810.00,1034.00,2072.00,1462.00,967.00,1379.00,2095.00,1491.00,1941.00,2297.00,1899.00,2175.00,1783.00,885.00,1547.00,1318.00,1967.00,2091.00,1428.00,1366.00,1738.00,1982.00,1734.00,1642.00,1301.00,1496.00,1997.00,1757.00,2052.00,1935.00,2123.00,2224.00,2087.00,2114.00,2064.00,1963.00,2101.00,-9999.00,2225.00,2026.00,1964.00,2079.00,2107.00,2056.00,2055.00,2142.00,1969.00,2103.00,1870.00,2130.00,2019.00,1761.00,1990.00,1687.00,1745.00,1804.00,1792.00,1901.00,1931.00,2035.00,999.00,2022.00,2112.00,2008.00,1591.00,2051.00,2060.00,1831.00,1767.00,1108.00,1133.00,1481.00,1925.00,1947.00,1758.00,1855.00,1749.00,1765.00,1558.00,1834.00,1817.00,1785.00,1314.00,1661.00,1787.00,1757.00,1742.00,1903.00,1806.00,1780.00,1635.00,1748.00,1460.00,1778.00,1604.00,1662.00,1440.00,1523.00,1677.00,1697.00,1837.00,1798.00,1949.00,1882.00,1816.00,1873.00,
2005,1666.00,1477.00,1091.00,1748.00,1168.00,1165.00,1285.00,1868.00,1956.00,1590.00,1810.00,1218.00,1743.00,1802.00,686.00,1572.00,1765.00,1795.00,1624.00,1635.00,738.00,1093.00,1398.00,781.00,1406.00,909.00,1319.00,1373.00,1743.00,1710.00,1977.00,1486.00,1557.00,1838.00,1661.00,-9999.00,-9999.00,-9999.00,1973.00,1954.00,1732.00,1251.00,1381.00,1716.00,1884.00,2274.00,2302.00,2258.00,1631.00,2080.00,1908.00,1577.00,1780.00,1925.00,1999.00,2126.00,2349.00,2079.00,2010.00,-9999.00,2112.00,1817.00,2019.00,1525.00,1387.00,2258.00,2005.00,1983.00,2005.00,2055.00,1794.00,1985.00,2251.00,1853.00,1198.00,1475.00,2087.00,1894.00,1561.00,1840.00,-9999.00,-9999.00,-9999.00,2231.00,1653.00,1130.00,1637.00,2288.00,2402.00,2179.00,2269.00,2174.00,2290.00,1662.00,-9999.00,1572.00,2181.00,2204.00,2216.00,2239.00,2151.00,1403.00,2055.00,1569.00,2241.00,1465.00,2150.00,2166.00,1818.00,2198.00,1585.00,1865.00,2364.00,2232.00,2187.00,1924.00,2445.00,1874.00,2039.00,1955.00,2457.00,2435.00,2232.00,2469.00,2289.00,2040.00,2457.00,2141.00,886.00,2247.00,2201.00,2203.00,1501.00,1298.00,2358.00,1773.00,1449.00,952.00,2179.00,1232.00,1025.00,1376.00,2611.00,2217.00,2198.00,2281.00,2228.00,2233.00,2185.00,2082.00,1370.00,2381.00,1769.00,2229.00,2109.00,2146.00,2367.00,2089.00,1767.00,1840.00,2017.00,1700.00,2277.00,2185.00,2209.00,1737.00,1184.00,1909.00,1665.00,1387.00,1529.00,1955.00,2414.00,2001.00,1518.00,1825.00,1804.00,1659.00,2047.00,1840.00,1335.00,1998.00,1844.00,1882.00,1984.00,1835.00,1332.00,1616.00,1805.00,1793.00,1358.00,1808.00,1864.00,1151.00,409.00,1663.00,1598.00,2207.00,2563.00,1817.00,2377.00,1921.00,1714.00,1532.00,953.00,1415.00,1238.00,1470.00,1334.00,1779.00,1985.00,1210.00,1325.00,591.00,1192.00,1611.00,1382.00,1369.00,1506.00,1712.00,1196.00,1381.00,1569.00,1462.00,1437.00,1747.00,1619.00,1401.00,1961.00,1993.00,2409.00,1463.00,2219.00,1755.00,1501.00,2287.00,2155.00,2338.00,2077.00,2254.00,1927.00,1382.00,1329.00,1612.00,1379.00,1688.00,1254.00,1127.00,1639.00,1872.00,995.00,1108.00,983.00,1278.00,1686.00,1726.00,1379.00,485.00,1722.00,2035.00,2194.00,1891.00,1617.00,1728.00,1446.00,1367.00,1701.00,1835.00,1460.00,2113.00,2129.00,1630.00,1180.00,1322.00,1995.00,1061.00,1792.00,-9999.00,1204.00,1864.00,1314.00,1623.00,1555.00,2162.00,1737.00,1429.00,1729.00,1212.00,1844.00,1193.00,2070.00,1819.00,1776.00,1705.00,2008.00,1913.00,942.00,1138.00,909.00,1480.00,1138.00,1931.00,2071.00,2079.00,1781.00,1511.00,1509.00,1283.00,1843.00,1003.00,1257.00,1483.00,1368.00,1640.00,2101.00,1320.00,1483.00,1368.00,1628.00,1257.00,1214.00,1933.00,1336.00,1063.00,2079.00,1851.00,1876.00,1176.00,1811.00,1138.00,902.00,1457.00,1558.00,1364.00,1722.00,1892.00,1902.00,1790.00,1686.00,1908.00,1909.00,1737.00,1792.00,1855.00,1798.00,1804.00,1429.00,1751.00,1448.00,480.00,743.00,991.00,1561.00,1237.00,1247.00,1489.00,1635.00,1547.00,1549.00,1645.00,1739.00,1849.00,1941.00,1861.00,1708.00,1715.00,
2006,1331.00,1543.00,1483.00,1324.00,1435.00,1133.00,1942.00,2019.00,2032.00,1985.00,1910.00,1797.00,1642.00,1884.00,1733.00,1875.00,1765.00,1856.00,1990.00,2075.00,1917.00,2009.00,1802.00,1914.00,1909.00,1961.00,1784.00,2014.00,1943.00,1697.00,1379.00,1881.00,1768.00,1679.00,1810.00,1954.00,2033.00,2101.00,1997.00,1980.00,-9999.00,1882.00,1053.00,387.00,1849.00,2042.00,1675.00,1916.00,1229.00,1942.00,1085.00,1149.00,1758.00,2122.00,2110.00,1362.00,2232.00,1928.00,2351.00,-9999.00,1788.00,1918.00,1637.00,1648.00,1931.00,2195.00,2156.00,1988.00,2142.00,2152.00,2329.00,2112.00,1982.00,1694.00,1669.00,1738.00,2233.00,2324.00,2249.00,2380.00,1738.00,2233.00,2324.00,2249.00,2380.00,1731.00,2277.00,2158.00,2328.00,2276.00,2335.00,1932.00,2321.00,2401.00,2462.00,2086.00,2510.00,2220.00,1632.00,2003.00,1790.00,1987.00,2429.00,2263.00,1554.00,1450.00,1687.00,1379.00,2110.00,2180.00,1200.00,1719.00,2486.00,2344.00,2304.00,2098.00,2071.00,2287.00,2585.00,-9999.00,-9999.00,1988.00,2175.00,2426.00,2290.00,820.00,1689.00,1285.00,2583.00,1451.00,1035.00,1966.00,2069.00,1586.00,1032.00,2433.00,1777.00,1316.00,734.00,1681.00,-9999.00,-9999.00,1025.00,2023.00,2150.00,1980.00,1575.00,2428.00,1684.00,1970.00,2076.00,1310.00,1503.00,2058.00,1783.00,1865.00,2096.00,1795.00,2449.00,2524.00,2282.00,1816.00,2028.00,2272.00,2345.00,2374.00,1534.00,2212.00,2226.00,882.00,807.00,1266.00,1629.00,1382.00,1646.00,1173.00,1362.00,1854.00,1601.00,2017.00,1313.00,1205.00,1168.00,944.00,1132.00,1356.00,1526.00,1355.00,1979.00,2082.00,2100.00,1936.00,740.00,1836.00,1702.00,2010.00,1691.00,1771.00,1404.00,1386.00,950.00,1557.00,1665.00,1414.00,1769.00,2123.00,1821.00,1267.00,1017.00,-9999.00,2180.00,1867.00,1009.00,692.00,1580.00,1694.00,1155.00,1522.00,1728.00,1785.00,1604.00,1631.00,1562.00,1616.00,2254.00,1927.00,1634.00,1101.00,1400.00,1741.00,1782.00,1646.00,1620.00,2083.00,1441.00,1021.00,2467.00,1475.00,1552.00,1481.00,1143.00,1650.00,869.00,1096.00,1518.00,1810.00,2289.00,2453.00,2331.00,1523.00,1430.00,2238.00,2038.00,902.00,1365.00,1126.00,1242.00,1444.00,1518.00,1380.00,2101.00,2035.00,1356.00,1105.00,2136.00,1811.00,1421.00,1524.00,645.00,969.00,1705.00,1982.00,1182.00,1146.00,1846.00,638.00,1632.00,1920.00,1135.00,1542.00,1740.00,2269.00,1059.00,1290.00,1092.00,2133.00,1856.00,1571.00,2129.00,1217.00,1127.00,1085.00,2009.00,2006.00,1814.00,2127.00,1479.00,2135.00,2268.00,2288.00,1891.00,2011.00,2105.00,1986.00,1963.00,1792.00,2038.00,2044.00,2073.00,1978.00,2095.00,1970.00,1894.00,1887.00,1905.00,1992.00,2136.00,1807.00,1886.00,1895.00,1537.00,1896.00,1667.00,1878.00,1554.00,2030.00,1804.00,2015.00,1526.00,1565.00,1494.00,1726.00,1207.00,1285.00,1198.00,1405.00,1216.00,1885.00,1951.00,1854.00,1183.00,1482.00,1774.00,1853.00,1836.00,1274.00,1633.00,1667.00,1782.00,1932.00,1815.00,1827.00,1837.00,1886.00,1890.00,1887.00,1877.00,1868.00,1867.00,1863.00,1666.00,1759.00,1327.00,1907.00,1906.00,1756.00,
2007,1761.00,1772.00,1748.00,1648.00,1592.00,1431.00,1295.00,1533.00,1713.00,1797.00,1734.00,1818.00,1769.00,1669.00,1871.00,1780.00,1811.00,1853.00,1428.00,1579.00,1744.00,780.00,927.00,1558.00,1807.00,1959.00,1956.00,1909.00,1991.00,1912.00,1999.00,2008.00,1887.00,1878.00,1926.00,1796.00,1702.00,1682.00,1789.00,1639.00,1758.00,1751.00,1678.00,2039.00,1903.00,2227.00,2294.00,2235.00,2037.00,2250.00,2204.00,2241.00,2278.00,2160.00,2228.00,2213.00,2146.00,1943.00,2217.00,-9999.00,-9999.00,-9999.00,1970.00,1769.00,1988.00,2211.00,2415.00,2135.00,2184.00,2050.00,2298.00,2007.00,2212.00,2233.00,1646.00,2153.00,2153.00,-9999.00,1564.00,1419.00,2026.00,1677.00,2314.00,2512.00,2203.00,2383.00,1865.00,2334.00,2415.00,2265.00,2589.00,2608.00,2473.00,2373.00,2017.00,2121.00,1252.00,1613.00,2189.00,-9999.00,2194.00,2137.00,1005.00,2072.00,2162.00,2470.00,2215.00,2583.00,2259.00,1706.00,2365.00,2392.00,2629.00,2129.00,2084.00,2440.00,1692.00,1904.00,572.00,1431.00,556.00,-9999.00,-9999.00,-9999.00,746.00,2040.00,1621.00,1501.00,1748.00,732.00,470.00,1696.00,971.00,611.00,937.00,-9999.00,1690.00,1589.00,1674.00,2192.00,2473.00,2349.00,1902.00,1980.00,1820.00,2346.00,2301.00,2025.00,1991.00,1862.00,2128.00,1758.00,2185.00,1663.00,1327.00,1994.00,1602.00,2615.00,2518.00,1949.00,2450.00,2617.00,2575.00,2288.00,1952.00,2220.00,2395.00,2332.00,2014.00,1447.00,1747.00,1687.00,1487.00,1697.00,1316.00,2268.00,1698.00,1865.00,1340.00,1456.00,1650.00,1420.00,1472.00,1614.00,1527.00,1496.00,1032.00,558.00,1623.00,1927.00,2498.00,2025.00,1762.00,1783.00,2026.00,1582.00,1463.00,1157.00,837.00,1207.00,2198.00,1916.00,1881.00,1569.00,-9999.00,-9999.00,783.00,1511.00,1505.00,2331.00,1718.00,2014.00,2275.00,1844.00,1388.00,1548.00,2058.00,1373.00,1179.00,1014.00,487.00,1372.00,-9999.00,1030.00,2252.00,1938.00,2381.00,1617.00,1041.00,1978.00,2115.00,2275.00,2209.00,1997.00,1413.00,1014.00,1656.00,1568.00,2118.00,1905.00,512.00,810.00,1528.00,1158.00,1766.00,1252.00,1163.00,1061.00,1644.00,1877.00,2031.00,2104.00,1975.00,2018.00,1738.00,2409.00,1802.00,1352.00,1596.00,990.00,1725.00,1640.00,1545.00,898.00,845.00,1348.00,2037.00,1902.00,2081.00,1658.00,800.00,1439.00,1678.00,1711.00,1562.00,1720.00,1329.00,1277.00,864.00,1738.00,2081.00,1164.00,619.00,500.00,638.00,650.00,1067.00,1600.00,1576.00,1443.00,1279.00,1934.00,1881.00,2133.00,1834.00,1881.00,1426.00,1977.00,1818.00,803.00,967.00,1631.00,1947.00,1835.00,748.00,1800.00,1895.00,1454.00,-9999.00,1931.00,1967.00,1881.00,1901.00,2033.00,1853.00,1470.00,1481.00,1800.00,1793.00,1107.00,2082.00,1760.00,1455.00,664.00,1291.00,1853.00,1884.00,1924.00,1886.00,1762.00,1786.00,1860.00,2001.00,2028.00,-9999.00,1929.00,1940.00,1890.00,2078.00,1680.00,1897.00,1922.00,1809.00,1879.00,1650.00,1666.00,1795.00,1708.00,1835.00,1484.00,1859.00,1794.00,1669.00,1617.00,1850.00,1655.00,1788.00,1978.00,958.00,1782.00,1534.00,1338.00,1629.00,1821.00,1834.00,1796.00,
2008,1803.00,1812.00,1769.00,-9999.00,1659.00,1703.00,1814.00,1901.00,1578.00,1740.00,1796.00,1600.00,1568.00,1205.00,1759.00,-9999.00,-9999.00,1984.00,2043.00,1937.00,1516.00,1534.00,1927.00,1341.00,1378.00,1297.00,1543.00,1579.00,1904.00,862.00,1371.00,1699.00,1988.00,-9999.00,-9999.00,-9999.00,1487.00,1379.00,1784.00,1273.00,1605.00,1624.00,1416.00,1537.00,1709.00,1670.00,1576.00,1355.00,1418.00,2089.00,2148.00,2198.00,2034.00,2127.00,1675.00,899.00,1324.00,-9999.00,1565.00,2124.00,1897.00,2176.00,2211.00,2128.00,2065.00,2036.00,1678.00,1744.00,1998.00,925.00,946.00,2109.00,2007.00,2172.00,1984.00,2136.00,2347.00,2368.00,2353.00,2040.00,2109.00,2347.00,2395.00,1840.00,1963.00,2322.00,1913.00,2432.00,2394.00,2519.00,2152.00,2056.00,2160.00,2525.00,2256.00,1747.00,683.00,1955.00,2509.00,2619.00,2135.00,2437.00,1816.00,2319.00,2274.00,2541.00,1629.00,1687.00,1759.00,1789.00,2162.00,2399.00,2486.00,1715.00,2070.00,3106.00,1733.00,1585.00,2184.00,1910.00,2220.00,1508.00,1623.00,2126.00,1380.00,2085.00,2236.00,2275.00,2273.00,2506.00,2307.00,1269.00,-9999.00,-9999.00,-9999.00,-9999.00,1574.00,1607.00,-9999.00,-9999.00,2006.00,1997.00,1885.00,1540.00,1962.00,2400.00,2426.00,2276.00,2011.00,-9999.00,-9999.00,1776.00,1691.00,-9999.00,-9999.00,-9999.00,-9999.00,1812.00,2336.00,1334.00,1303.00,2410.00,1786.00,1414.00,1894.00,1445.00,1714.00,1884.00,1285.00,1117.00,1175.00,1613.00,2318.00,2515.00,2247.00,2177.00,1817.00,1709.00,2350.00,1515.00,2115.00,2391.00,963.00,827.00,659.00,1851.00,2096.00,1841.00,1342.00,1237.00,817.00,758.00,2036.00,2506.00,1951.00,2347.00,2481.00,2323.00,1975.00,1584.00,2285.00,1053.00,1895.00,1614.00,2024.00,1253.00,1806.00,2096.00,1853.00,1342.00,1677.00,1358.00,1779.00,1370.00,1137.00,1846.00,1580.00,1528.00,1669.00,1306.00,575.00,2098.00,1995.00,875.00,780.00,1361.00,2282.00,2546.00,2098.00,2042.00,1862.00,1446.00,2061.00,2183.00,2209.00,2231.00,1305.00,2145.00,1572.00,1807.00,1967.00,1737.00,1179.00,2127.00,2168.00,1970.00,1961.00,1757.00,1736.00,1995.00,1959.00,1277.00,884.00,1745.00,980.00,1373.00,1541.00,1951.00,1822.00,776.00,626.00,1898.00,1153.00,1231.00,1502.00,2246.00,2217.00,1906.00,1789.00,1439.00,2239.00,1827.00,2000.00,1669.00,1049.00,1278.00,991.00,1236.00,2254.00,1454.00,1495.00,1244.00,1881.00,1530.00,1599.00,1887.00,1888.00,1877.00,2063.00,1565.00,1594.00,1493.00,999.00,1678.00,1680.00,1487.00,1217.00,1262.00,1684.00,1259.00,1391.00,1969.00,940.00,970.00,1070.00,1501.00,1715.00,1644.00,-9999.00,-9999.00,-9999.00,1438.00,-9999.00,1982.00,1774.00,1604.00,2030.00,2079.00,1592.00,1584.00,1001.00,1488.00,1033.00,945.00,1823.00,1375.00,1284.00,1791.00,1859.00,1156.00,1200.00,1861.00,1943.00,1922.00,1668.00,1859.00,1903.00,1838.00,1758.00,2002.00,1226.00,1722.00,1625.00,1808.00,1671.00,1744.00,1911.00,1731.00,1793.00,1749.00,1729.00,1589.00,1841.00,1548.00,1716.00,1906.00,1949.00,1914.00,1767.00,1423.00,1037.00,1410.00,1398.00,1607.00,1757.00,1721.00,
2009,1189.00,1544.00,1785.00,1912.00,1902.00,1923.00,1906.00,1839.00,2036.00,1980.00,2022.00,2005.00,1948.00,1935.00,1899.00,1970.00,1935.00,1755.00,1630.00,1622.00,1757.00,1805.00,1729.00,1739.00,1731.00,1914.00,1185.00,1787.00,1782.00,1426.00,1759.00,1581.00,1465.00,1586.00,1761.00,1677.00,1565.00,1971.00,1761.00,956.00,1907.00,1895.00,1730.00,1998.00,1661.00,1459.00,1119.00,1274.00,1659.00,1869.00,2114.00,1979.00,2027.00,2244.00,2236.00,2133.00,2115.00,2100.00,2088.00,-9999.00,796.00,1611.00,1759.00,2377.00,2230.00,2049.00,2336.00,2471.00,2401.00,2086.00,2217.00,2104.00,2070.00,760.00,2215.00,1851.00,2129.00,1453.00,1520.00,2163.00,2193.00,1947.00,2492.00,2454.00,2119.00,2284.00,2446.00,2458.00,2509.00,2248.00,1718.00,2302.00,2152.00,1898.00,1934.00,1880.00,761.00,1865.00,1662.00,2059.00,1682.00,669.00,2452.00,2643.00,2532.00,1729.00,2500.00,2582.00,2456.00,2126.00,2540.00,2411.00,2466.00,2373.00,2323.00,2322.00,1019.00,924.00,1539.00,1921.00,1900.00,1146.00,1962.00,2298.00,2018.00,2076.00,2166.00,1798.00,2283.00,2408.00,1847.00,1125.00,1808.00,1154.00,902.00,453.00,1456.00,2027.00,1584.00,2103.00,1520.00,1934.00,1582.00,1889.00,1758.00,1993.00,1159.00,1456.00,1200.00,2309.00,2129.00,1905.00,1350.00,1793.00,1760.00,1264.00,1288.00,1737.00,2303.00,2059.00,1982.00,1542.00,1340.00,2179.00,2499.00,2231.00,2070.00,1903.00,1720.00,2282.00,2363.00,1825.00,2074.00,1252.00,2108.00,2377.00,2460.00,2043.00,2110.00,1729.00,1251.00,1325.00,1932.00,1389.00,2474.00,2065.00,966.00,1083.00,2169.00,1259.00,2427.00,2475.00,2268.00,2058.00,888.00,1229.00,1621.00,1152.00,1584.00,1680.00,1430.00,1452.00,1027.00,1291.00,1508.00,1893.00,1539.00,1554.00,1795.00,1821.00,1500.00,1449.00,934.00,1742.00,1771.00,1648.00,1467.00,1925.00,1556.00,1067.00,1008.00,1253.00,889.00,-9999.00,2357.00,1531.00,1557.00,2127.00,1742.00,-9999.00,1543.00,1529.00,2363.00,2580.00,2164.00,2329.00,1281.00,2315.00,2438.00,1843.00,1208.00,1624.00,-9999.00,-9999.00,-9999.00,1502.00,1892.00,1773.00,1905.00,1410.00,1499.00,1675.00,1322.00,1559.00,1595.00,1904.00,1568.00,1866.00,1578.00,1335.00,846.00,2283.00,1468.00,2429.00,2185.00,1889.00,2073.00,1709.00,1142.00,1338.00,1800.00,1598.00,2281.00,1319.00,525.00,1859.00,1696.00,2232.00,-9999.00,1636.00,1014.00,1664.00,1397.00,1542.00,1698.00,1230.00,-9999.00,1364.00,973.00,1466.00,1002.00,1532.00,1569.00,1309.00,622.00,1761.00,1150.00,873.00,1661.00,1715.00,2056.00,1957.00,1817.00,2221.00,2230.00,2255.00,1844.00,671.00,1482.00,2140.00,2055.00,2045.00,1851.00,1178.00,1648.00,1480.00,1660.00,1465.00,885.00,1429.00,1400.00,1793.00,1688.00,1918.00,1975.00,2007.00,1349.00,2030.00,1804.00,2054.00,1942.00,1936.00,1911.00,1973.00,2075.00,1921.00,1845.00,2003.00,1812.00,1556.00,1927.00,1566.00,1471.00,1469.00,1779.00,1745.00,1945.00,1661.00,1570.00,1344.00,1711.00,1513.00,1914.00,1520.00,1795.00,1898.00,1879.00,1845.00,1816.00,1481.00,1770.00,1683.00,1785.00,1697.00,965.00,1743.00,
2010,1300.00,1477.00,1759.00,1546.00,1530.00,972.00,1594.00,1265.00,1592.00,1653.00,1500.00,1592.00,1796.00,1741.00,1599.00,1723.00,1960.00,2038.00,1762.00,1272.00,868.00,885.00,1554.00,1142.00,1451.00,1785.00,1751.00,1548.00,1482.00,1071.00,1927.00,1731.00,1849.00,1962.00,2002.00,2065.00,1841.00,1946.00,1883.00,1811.00,1918.00,1889.00,1864.00,1847.00,1894.00,2089.00,1814.00,1906.00,1499.00,1689.00,-9999.00,-9999.00,2126.00,2214.00,2116.00,2299.00,2416.00,2339.00,1848.00,-9999.00,1740.00,2233.00,2212.00,2351.00,2309.00,2144.00,2027.00,2223.00,2231.00,1332.00,2022.00,2232.00,2349.00,2379.00,2335.00,2259.00,665.00,2178.00,1922.00,2225.00,2120.00,2310.00,2372.00,2387.00,2395.00,1494.00,1968.00,2092.00,1796.00,2246.00,2244.00,2227.00,2438.00,2469.00,2063.00,2252.00,2472.00,2487.00,2462.00,2283.00,2190.00,2437.00,2455.00,2531.00,2304.00,2551.00,1945.00,826.00,2132.00,2511.00,2490.00,2481.00,2447.00,2493.00,985.00,2465.00,2536.00,2379.00,1972.00,2263.00,2530.00,-9999.00,-9999.00,-9999.00,-9999.00,-9999.00,-9999.00,-9999.00,-9999.00,-9999.00,-9999.00,-9999.00,-9999.00,-9999.00,-9999.00,-9999.00,-9999.00,-9999.00,-9999.00,-9999.00,-9999.00,-9999.00,-9999.00,-9999.00,-9999.00,-9999.00,-9999.00,-9999.00,-9999.00,-9999.00,-9999.00,-9999.00,-9999.00,-9999.00,-9999.00,-9999.00,-9999.00,-9999.00,-9999.00,-9999.00,-9999.00,-9999.00,-9999.00,-9999.00,-9999.00,-9999.00,-9999.00,-9999.00,-9999.00,-9999.00,-9999.00,-9999.00,-9999.00,-9999.00,-9999.00,-9999.00,-9999.00,-9999.00,-9999.00,-9999.00,-9999.00,-9999.00,-9999.00,-9999.00,-9999.00,-9999.00,-9999.00,-9999.00,-9999.00,-9999.00,-9999.00,-9999.00,-9999.00,-9999.00,-9999.00,-9999.00,-9999.00,-9999.00,-9999.00,-9999.00,-9999.00,-9999.00,-9999.00,-9999.00,-9999.00,-9999.00,-9999.00,-9999.00,-9999.00,-9999.00,-9999.00,-9999.00,-9999.00,-9999.00,-9999.00,-9999.00,-9999.00,-9999.00,-9999.00,-9999.00,-9999.00,-9999.00,-9999.00,-9999.00,-9999.00,-9999.00,-9999.00,-9999.00,-9999.00,-9999.00,-9999.00,-9999.00,-9999.00,-9999.00,-9999.00,-9999.00,-9999.00,-9999.00,-9999.00,-9999.00,-9999.00,-9999.00,-9999.00,-9999.00,-9999.00,-9999.00,-9999.00,-9999.00,-9999.00,-9999.00,-9999.00,-9999.00,-9999.00,-9999.00,-9999.00,-9999.00,-9999.00,-9999.00,-9999.00,-9999.00,-9999.00,-9999.00,-9999.00,-9999.00,-9999.00,-9999.00,-9999.00,-9999.00,-9999.00,-9999.00,-9999.00,-9999.00,-9999.00,-9999.00,-9999.00,-9999.00,-9999.00,-9999.00,-9999.00,-9999.00,-9999.00,-9999.00,-9999.00,-9999.00,-9999.00,-9999.00,-9999.00,-9999.00,-9999.00,-9999.00,-9999.00,-9999.00,-9999.00,-9999.00,-9999.00,-9999.00,-9999.00,-9999.00,-9999.00,-9999.00,-9999.00,-9999.00,-9999.00,-9999.00,-9999.00,-9999.00,-9999.00,-9999.00,-9999.00,-9999.00,-9999.00,-9999.00,-9999.00,-9999.00,-9999.00,-9999.00,-9999.00,-9999.00,-9999.00,-9999.00,-9999.00,-9999.00,-9999.00,-9999.00,-9999.00,-9999.00,-9999.00,-9999.00,-9999.00,-9999.00,-9999.00,-9999.00,-9999.00,-9999.00,-9999.00,-9999.00,-9999.00,-9999.00,-9999.00,-9999.00,-9999.00,-9999.00,-9999.00,-9999.00,-9999.00,-9999.00,-9999.00,-9999.00,-9999.00,-9999.00,-9999.00,-9999.00,-9999.00,-9999.00,-9999.00,-9999.00,-9999.00,-9999.00,-9999.00,-9999.00,-9999.00,-9999.00,-9999.00,-9999.00,-9999.00,-9999.00,
2011,1630.00,1608.00,1546.00,1618.00,1601.00,1375.00,1626.00,1468.00,1675.00,1650.00,1225.00,920.00,1638.00,1377.00,1573.00,1609.00,1537.00,1661.00,1627.00,1459.00,1724.00,1513.00,1503.00,1668.00,1730.00,1727.00,1474.00,1313.00,1621.00,1486.00,1690.00,1443.00,1583.00,1643.00,1791.00,1440.00,1485.00,1686.00,1852.00,1827.00,1690.00,1738.00,1509.00,1710.00,1443.00,-9999.00,1749.00,1867.00,1857.00,1921.00,1634.00,787.00,960.00,1165.00,1554.00,1702.00,1043.00,981.00,1577.00,-9999.00,1751.00,1335.00,1264.00,739.00,1574.00,1671.00,1912.00,709.00,1056.00,1539.00,1867.00,1187.00,1342.00,1715.00,1333.00,431.00,401.00,1552.00,1850.00,2121.00,2070.00,1355.00,567.00,950.00,790.00,854.00,621.00,582.00,666.00,1208.00,1352.00,1581.00,1113.00,1925.00,1640.00,1136.00,1690.00,1831.00,1881.00,1218.00,1150.00,1382.00,1497.00,1111.00,852.00,2124.00,2290.00,2238.00,2029.00,836.00,1346.00,1929.00,1934.00,1296.00,1578.00,933.00,1548.00,1197.00,2218.00,1446.00,2209.00,833.00,2219.00,1733.00,2201.00,1949.00,2238.00,1599.00,1545.00,1965.00,1340.00,1875.00,1887.00,1536.00,432.00,762.00,1590.00,1712.00,1252.00,2005.00,2156.00,2025.00,2099.00,2143.00,1996.00,1186.00,1942.00,1019.00,1726.00,1627.00,1830.00,1442.00,2012.00,1404.00,740.00,486.00,1298.00,847.00,1152.00,1490.00,1937.00,1379.00,1529.00,-9999.00,1123.00,1587.00,1392.00,1420.00,1375.00,1147.00,1448.00,1330.00,1372.00,992.00,1720.00,1127.00,1528.00,1847.00,-9999.00,-9999.00,1571.00,834.00,938.00,1131.00,1189.00,2004.00,2155.00,2106.00,2133.00,2029.00,1713.00,1855.00,1878.00,1651.00,1338.00,1512.00,876.00,-9999.00,-9999.00,1384.00,861.00,1593.00,551.00,711.00,1719.00,1637.00,1187.00,1632.00,1654.00,1909.00,2030.00,1009.00,541.00,-9999.00,-9999.00,1961.00,1829.00,1547.00,1647.00,1185.00,1522.00,1008.00,1255.00,592.00,1797.00,1930.00,1463.00,921.00,716.00,1723.00,1572.00,749.00,1438.00,1083.00,2026.00,2156.00,2163.00,1154.00,1094.00,1337.00,1122.00,861.00,1474.00,1781.00,1684.00,1210.00,2010.00,2005.00,728.00,1441.00,1358.00,1202.00,1212.00,586.00,535.00,1573.00,1694.00,1627.00,1258.00,1518.00,1521.00,1654.00,1653.00,1016.00,687.00,686.00,1017.00,1117.00,1713.00,1593.00,598.00,1412.00,1534.00,1662.00,1070.00,1283.00,886.00,1221.00,1160.00,1363.00,880.00,442.00,1123.00,930.00,1346.00,908.00,766.00,947.00,1028.00,674.00,1231.00,1204.00,1603.00,924.00,1651.00,1647.00,1068.00,1850.00,1609.00,1321.00,1739.00,1251.00,1587.00,1635.00,1735.00,1495.00,1804.00,1833.00,1224.00,1458.00,1651.00,1200.00,1436.00,1624.00,1227.00,876.00,1804.00,1448.00,1759.00,1526.00,1595.00,1609.00,1580.00,1719.00,1477.00,1628.00,1632.00,1569.00,1639.00,1674.00,1696.00,1746.00,1401.00,980.00,1661.00,1702.00,1707.00,1366.00,1598.00,1518.00,1634.00,1595.00,877.00,1530.00,1673.00,1511.00,1563.00,1297.00,1110.00,1272.00,1104.00,1410.00,1509.00,1364.00,1521.00,1315.00,1138.00,1623.00,1199.00,1597.00,1546.00,1455.00,1554.00,1350.00,1603.00,1660.00,
2012,1155.00,1363.00,690.00,1180.00,988.00,1347.00,1632.00,1663.00,1661.00,1561.00,1186.00,1225.00,1047.00,1408.00,1192.00,888.00,974.00,1138.00,1190.00,1301.00,1481.00,1680.00,1735.00,1632.00,1020.00,952.00,625.00,735.00,1219.00,257.00,758.00,1582.00,680.00,1088.00,900.00,1497.00,1458.00,1622.00,1660.00,1464.00,1600.00,1497.00,1114.00,1283.00,1539.00,1544.00,1547.00,1309.00,688.00,1343.00,1804.00,1745.00,1701.00,1816.00,1845.00,1809.00,1772.00,1814.00,1811.00,1794.00,1972.00,1811.00,1878.00,1774.00,1859.00,2095.00,1896.00,763.00,1566.00,1443.00,1001.00,1511.00,1422.00,1266.00,865.00,1666.00,1787.00,1807.00,1805.00,2035.00,2218.00,2076.00,1684.00,1012.00,1438.00,1162.00,1852.00,1662.00,1844.00,1431.00,1314.00,1384.00,1605.00,1609.00,739.00,1554.00,-9999.00,-9999.00,-9999.00,-9999.00,-9999.00,-9999.00,-9999.00,-9999.00,-9999.00,-9999.00,-9999.00,-9999.00,2254.00,2075.00,2211.00,2154.00,2277.00,1913.00,2223.00,2104.00,2099.00,2236.00,1980.00,2182.00,2163.00,2098.00,1885.00,1461.00,2260.00,987.00,1814.00,2247.00,690.00,1386.00,2080.00,2255.00,2061.00,1892.00,1940.00,2047.00,1009.00,528.00,1294.00,2062.00,2179.00,2058.00,1827.00,1452.00,1642.00,1376.00,1349.00,1525.00,1627.00,1314.00,1588.00,1435.00,1252.00,849.00,1055.00,1183.00,1759.00,1612.00,1318.00,1235.00,1655.00,1578.00,1974.00,1917.00,1321.00,1735.00,1476.00,1274.00,912.00,998.00,1141.00,1460.00,1622.00,1626.00,1934.00,1810.00,1589.00,1335.00,1306.00,1367.00,2075.00,1214.00,982.00,1655.00,1535.00,1297.00,1296.00,1569.00,1707.00,1651.00,335.00,1424.00,1725.00,738.00,808.00,1894.00,2105.00,1725.00,1674.00,1043.00,904.00,1627.00,1974.00,1650.00,1247.00,1155.00,1030.00,1216.00,1260.00,1153.00,1455.00,938.00,1486.00,1621.00,991.00,974.00,1428.00,1622.00,1176.00,1160.00,976.00,1028.00,1393.00,1864.00,1121.00,1410.00,1176.00,1434.00,1454.00,1739.00,1451.00,1414.00,1473.00,2078.00,2029.00,1634.00,1545.00,1249.00,1008.00,1077.00,1683.00,1348.00,1688.00,1086.00,1188.00,1225.00,1384.00,792.00,1348.00,221.00,1245.00,1812.00,1651.00,1508.00,1458.00,1828.00,1655.00,1171.00,819.00,676.00,1138.00,1084.00,901.00,1464.00,1223.00,1430.00,1641.00,1528.00,1004.00,1168.00,1068.00,477.00,1485.00,1682.00,954.00,741.00,1816.00,1842.00,1842.00,744.00,1109.00,731.00,883.00,803.00,803.00,1274.00,-9999.00,1462.00,750.00,884.00,1275.00,1876.00,1707.00,1689.00,1698.00,1707.00,1244.00,1276.00,1820.00,1741.00,1786.00,1469.00,1146.00,1502.00,643.00,1739.00,1166.00,1606.00,978.00,1355.00,1091.00,1362.00,1447.00,1203.00,1176.00,1196.00,409.00,1151.00,965.00,1467.00,901.00,1107.00,1142.00,1009.00,604.00,952.00,1482.00,1581.00,656.00,807.00,1294.00,1277.00,546.00,702.00,1212.00,762.00,1083.00,1284.00,1008.00,1199.00,731.00,855.00,1088.00,1113.00,1149.00,1085.00,1175.00,1590.00,1392.00,1306.00,1139.00,1472.00,1392.00,1533.00,1454.00,1585.00,1502.00,1330.00,1624.00,1569.00,1522.00,1537.00,1491.00,1586.00,1491.00,1537.00,
2013,1572.00,1644.00,1615.00,999.00,1589.00,1434.00,1587.00,1487.00,1255.00,1603.00,1440.00,1471.00,1525.00,1775.00,1343.00,1376.00,1682.00,1757.00,1627.00,1563.00,1432.00,1321.00,1036.00,1387.00,1233.00,987.00,1261.00,775.00,1149.00,-9999.00,-9999.00,0.00,664.00,1029.00,1566.00,1122.00,1669.00,1673.00,1287.00,-9999.00,-9999.00,-9999.00,-9999.00,-9999.00,-9999.00,-9999.00,-9999.00,-9999.00,-9999.00,-9999.00,-9999.00,-9999.00,-9999.00,1657.00,1238.00,1644.00,1649.00,1822.00,1878.00,-9999.00,1748.00,1607.00,746.00,387.00,1401.00,1863.00,1762.00,1109.00,1621.00,1851.00,1866.00,1980.00,1742.00,2004.00,1188.00,1603.00,1944.00,1757.00,1670.00,1964.00,1659.00,2106.00,2220.00,2007.00,2116.00,2091.00,2173.00,2022.00,1993.00,1743.00,2270.00,2214.00,2047.00,1729.00,1956.00,1987.00,1523.00,1768.00,1365.00,2104.00,1667.00,879.00,575.00,1970.00,1590.00,1121.00,1578.00,840.00,1810.00,2207.00,1861.00,2110.00,1892.00,1285.00,1516.00,2323.00,2083.00,1841.00,1039.00,2219.00,1970.00,2253.00,2215.00,2131.00,2155.00,1535.00,1873.00,2058.00,2180.00,1851.00,2041.00,2053.00,1779.00,1018.00,2136.00,2214.00,2241.00,2071.00,658.00,1685.00,2034.00,1554.00,1766.00,1801.00,1791.00,1156.00,1985.00,2006.00,2238.00,2150.00,1034.00,1312.00,2147.00,1596.00,1003.00,563.00,1011.00,1643.00,1553.00,1599.00,2140.00,1552.00,993.00,940.00,487.00,1429.00,1405.00,1467.00,1612.00,1436.00,1893.00,1669.00,641.00,1029.00,684.00,1497.00,1018.00,396.00,1684.00,2175.00,1748.00,1777.00,2110.00,2137.00,1941.00,1401.00,1182.00,766.00,1131.00,804.00,814.00,1118.00,1552.00,1476.00,2008.00,1604.00,1491.00,1014.00,1540.00,1630.00,843.00,1152.00,1387.00,567.00,717.00,745.00,861.00,1231.00,1245.00,616.00,1070.00,713.00,1192.00,1663.00,1509.00,1906.00,1665.00,1432.00,1867.00,1724.00,1600.00,1045.00,1644.00,1519.00,1334.00,1742.00,1492.00,1371.00,1219.00,1382.00,1204.00,1838.00,1035.00,1129.00,611.00,1506.00,1392.00,1389.00,1595.00,1734.00,1166.00,1916.00,1521.00,1395.00,1955.00,1858.00,2019.00,1657.00,904.00,1282.00,734.00,611.00,1393.00,1052.00,1733.00,558.00,423.00,745.00,821.00,1469.00,1314.00,921.00,488.00,314.00,1322.00,1260.00,785.00,1540.00,1340.00,1192.00,1407.00,1462.00,821.00,1466.00,1068.00,1373.00,1040.00,1180.00,879.00,722.00,1032.00,1569.00,1242.00,681.00,739.00,1339.00,1519.00,1466.00,1111.00,189.00,464.00,1413.00,1023.00,1169.00,1665.00,1754.00,1667.00,1669.00,1677.00,1796.00,1553.00,1725.00,1076.00,1554.00,1771.00,1729.00,1827.00,1925.00,1907.00,1845.00,1633.00,857.00,296.00,1121.00,1698.00,1179.00,1276.00,865.00,1264.00,1542.00,648.00,1426.00,1526.00,1394.00,1437.00,1446.00,1350.00,1213.00,557.00,868.00,988.00,1363.00,1515.00,1656.00,1502.00,1698.00,1668.00,1595.00,1633.00,1450.00,1602.00,1613.00,1553.00,1419.00,1491.00,1400.00,1470.00,1391.00,1343.00,1153.00,1123.00,1529.00,1447.00,1452.00,1614.00,1589.00,1568.00,1568.00,1352.00,1504.00,1582.00,1643.00,1619.00,1490.00,1348.00,1496.00,
2014,1578.00,1584.00,1469.00,1322.00,1573.00,1397.00,1244.00,1136.00,1626.00,1667.00,1699.00,1646.00,1733.00,1760.00,1804.00,1705.00,1698.00,1672.00,1598.00,1601.00,1718.00,1709.00,1549.00,1642.00,1613.00,1474.00,1543.00,1705.00,1642.00,1729.00,1841.00,1671.00,1748.00,1638.00,1591.00,1442.00,1733.00,1514.00,1486.00,1959.00,1442.00,1966.00,1561.00,1625.00,1804.00,1363.00,1428.00,1552.00,1604.00,1554.00,1156.00,808.00,1634.00,1592.00,1775.00,1658.00,1428.00,1480.00,1741.00,-9999.00,1557.00,1925.00,1703.00,1682.00,1698.00,1900.00,1700.00,1962.00,1821.00,1349.00,1826.00,1776.00,1781.00,2061.00,1579.00,1426.00,1630.00,1957.00,1616.00,1590.00,1728.00,741.00,1779.00,1352.00,1420.00,1875.00,2025.00,1618.00,1909.00,2100.00,2108.00,1807.00,1698.00,1823.00,1835.00,1599.00,1698.00,2065.00,2106.00,-9999.00,-9999.00,-9999.00,-9999.00,-9999.00,-9999.00,-9999.00,-9999.00,-9999.00,-9999.00,-9999.00,-9999.00,-9999.00,2175.00,1672.00,1815.00,2136.00,2389.00,2272.00,1359.00,963.00,1661.00,2048.00,1598.00,2161.00,1305.00,849.00,1169.00,1056.00,2218.00,2048.00,1455.00,2188.00,2223.00,1998.00,2122.00,2264.00,1915.00,1785.00,774.00,1145.00,2104.00,2245.00,2265.00,2049.00,2241.00,1641.00,1627.00,1315.00,2100.00,1906.00,2082.00,1591.00,1718.00,2183.00,2073.00,1970.00,1087.00,1660.00,1676.00,1899.00,1819.00,1149.00,1209.00,1137.00,1438.00,1377.00,1504.00,1100.00,1155.00,1299.00,1575.00,1677.00,1111.00,1259.00,1385.00,1699.00,652.00,652.00,1875.00,1664.00,1707.00,1069.00,1767.00,1701.00,1622.00,1931.00,2014.00,2061.00,1563.00,1189.00,1366.00,1353.00,1636.00,1847.00,1351.00,1094.00,1604.00,1330.00,1837.00,1044.00,677.00,1528.00,986.00,1394.00,1714.00,1638.00,1338.00,1873.00,1655.00,376.00,1227.00,1088.00,1279.00,1175.00,1129.00,1144.00,1247.00,741.00,1350.00,1268.00,1845.00,1520.00,1644.00,1832.00,1946.00,1710.00,1003.00,1656.00,1140.00,1295.00,1555.00,1517.00,1450.00,1220.00,1339.00,844.00,2190.00,1364.00,1466.00,1487.00,1466.00,1458.00,899.00,896.00,1258.00,1526.00,1399.00,1605.00,1358.00,1305.00,1070.00,1721.00,1777.00,1487.00,867.00,1383.00,1339.00,1944.00,1582.00,1345.00,1411.00,1154.00,2041.00,-9999.00,1829.00,1424.00,1775.00,895.00,1126.00,1055.00,1421.00,1520.00,1698.00,1086.00,1679.00,1196.00,1307.00,1514.00,1266.00,-9999.00,895.00,860.00,1102.00,-9999.00,1224.00,1255.00,1850.00,1861.00,1879.00,1661.00,1485.00,1894.00,1288.00,1402.00,899.00,995.00,1070.00,735.00,1342.00,1189.00,1289.00,1206.00,1119.00,1270.00,1429.00,1565.00,1267.00,1154.00,676.00,890.00,1403.00,984.00,1485.00,1652.00,1731.00,1322.00,1666.00,1734.00,1336.00,1693.00,1700.00,1702.00,1766.00,1733.00,1626.00,1392.00,1643.00,1289.00,1294.00,1243.00,1173.00,973.00,714.00,-9999.00,929.00,1364.00,562.00,1224.00,791.00,788.00,1240.00,1510.00,1674.00,1668.00,1666.00,1712.00,1565.00,912.00,1600.00,1589.00,1452.00,1099.00,1561.00,1505.00,1545.00,1554.00,1373.00,1489.00,1400.00,1229.00,1530.00,957.00,1523.00,1654.00,1555.00,1670.00,
2015,1604.00,1653.00,1614.00,1574.00,1288.00,1495.00,1301.00,529.00,1500.00,622.00,1098.00,899.00,1558.00,1611.00,1665.00,1772.00,1635.00,1585.00,1736.00,1711.00,1689.00,1630.00,1534.00,1600.00,1383.00,1380.00,1476.00,1454.00,1336.00,1384.00,846.00,1610.00,1661.00,1700.00,1734.00,1832.00,1818.00,1758.00,1601.00,1674.00,1713.00,1529.00,1385.00,1381.00,1589.00,1445.00,1645.00,1517.00,1544.00,1466.00,1461.00,1395.00,1943.00,1986.00,1901.00,1993.00,2023.00,2030.00,1847.00,-9999.00,1801.00,-9999.00,-9999.00,-9999.00,-9999.00,-9999.00,1662.00,1866.00,1751.00,1739.00,1854.00,1591.00,1722.00,1719.00,1898.00,1642.00,1517.00,1578.00,1324.00,1402.00,1015.00,1369.00,1419.00,930.00,1566.00,1625.00,1712.00,1368.00,1501.00,2051.00,2232.00,2123.00,2094.00,2099.00,2241.00,1955.00,1985.00,2176.00,560.00,1781.00,2042.00,2121.00,1108.00,1860.00,2207.00,2069.00,1914.00,2134.00,2248.00,2071.00,1945.00,2285.00,1987.00,905.00,1517.00,899.00,1546.00,1750.00,2111.00,2137.00,1354.00,2301.00,1708.00,1271.00,868.00,1082.00,2319.00,1860.00,-9999.00,1772.00,1599.00,1945.00,1913.00,1053.00,1113.00,2081.00,1683.00,-9999.00,2228.00,2301.00,1775.00,2212.00,2056.00,1690.00,2164.00,2143.00,2013.00,1895.00,2267.00,2255.00,2205.00,2320.00,-9999.00,-9999.00,-9999.00,-9999.00,-9999.00,-9999.00,-9999.00,-9999.00,-9999.00,-9999.00,-9999.00,-9999.00,-9999.00,-9999.00,-9999.00,-9999.00,-9999.00,-9999.00,-9999.00,-9999.00,-9999.00,-9999.00,-9999.00,-9999.00,-9999.00,-9999.00,-9999.00,-9999.00,-9999.00,-9999.00,-9999.00,-9999.00,-9999.00,-9999.00,-9999.00,-9999.00,-9999.00,-9999.00,-9999.00,-9999.00,-9999.00,-9999.00,-9999.00,-9999.00,-9999.00,-9999.00,-9999.00,-9999.00,-9999.00,-9999.00,-9999.00,-9999.00,-9999.00,-9999.00,-9999.00,-9999.00,-9999.00,-9999.00,-9999.00,-9999.00,-9999.00,-9999.00,-9999.00,-9999.00,-9999.00,-9999.00,-9999.00,-9999.00,-9999.00,-9999.00,-9999.00,-9999.00,-9999.00,-9999.00,-9999.00,-9999.00,-9999.00,-9999.00,-9999.00,-9999.00,-9999.00,-9999.00,-9999.00,-9999.00,-9999.00,-9999.00,-9999.00,-9999.00,-9999.00,-9999.00,-9999.00,-9999.00,-9999.00,-9999.00,-9999.00,-9999.00,-9999.00,-9999.00,-9999.00,-9999.00,-9999.00,-9999.00,-9999.00,-9999.00,-9999.00,-9999.00,-9999.00,-9999.00,-9999.00,-9999.00,-9999.00,-9999.00,-9999.00,-9999.00,-9999.00,-9999.00,-9999.00,-9999.00,-9999.00,-9999.00,-9999.00,-9999.00,-9999.00,-9999.00,-9999.00,-9999.00,-9999.00,-9999.00,-9999.00,-9999.00,-9999.00,-9999.00,-9999.00,-9999.00,-9999.00,-9999.00,-9999.00,-9999.00,-9999.00,-9999.00,-9999.00,-9999.00,-9999.00,-9999.00,-9999.00,-9999.00,-9999.00,-9999.00,-9999.00,-9999.00,-9999.00,-9999.00,-9999.00,-9999.00,-9999.00,-9999.00,-9999.00,-9999.00,-9999.00,-9999.00,-9999.00,-9999.00,-9999.00,-9999.00,-9999.00,-9999.00,-9999.00,-9999.00,-9999.00,-9999.00,-9999.00,-9999.00,-9999.00,-9999.00,-9999.00,-9999.00,-9999.00,-9999.00,-9999.00,-9999.00,-9999.00,-9999.00,-9999.00,-9999.00,-9999.00,-9999.00,-9999.00,-9999.00,-9999.00,-9999.00,-9999.00,-9999.00,-9999.00,-9999.00,-9999.00,-9999.00,-9999.00,-9999.00,-9999.00,-9999.00,-9999.00,-9999.00,-9999.00,-9999.00,-9999.00,-9999.00,-9999.00,-9999.00,-9999.00,-9999.00,-9999.00,-9999.00,-9999.00,-9999.00,
